kepid,kepoi_name,kepler_name,koi_disposition,koi_vet_stat,koi_vet_date,koi_pdisposition,koi_score,koi_fpflag_nt,koi_fpflag_ss,koi_fpflag_co,koi_fpflag_ec,koi_disp_prov,koi_comment,koi_period,koi_time0bk,koi_time0,koi_eccen,koi_longp,koi_impact,koi_duration,koi_ingress,koi_depth,koi_ror,koi_srho,koi_fittype,koi_prad,koi_sma,koi_incl,koi_teq,koi_insol,koi_dor,koi_limbdark_mod,koi_ldm_coeff4,koi_ldm_coeff3,koi_ldm_coeff2,koi_ldm_coeff1,koi_parm_prov,koi_max_sngle_ev,koi_max_mult_ev,koi_model_snr,koi_count,koi_num_transits,koi_tce_plnt_num,koi_tce_delivname,koi_quarters,koi_bin_oedp_sig,koi_trans_mod,koi_model_dof,koi_model_chisq,koi_datalink_dvr,koi_datalink_dvs,koi_steff,koi_slogg,koi_smet,koi_srad,koi_smass,koi_sage,koi_sparprov,ra,dec,koi_kepmag,koi_gmag,koi_rmag,koi_imag,koi_zmag,koi_jmag,koi_hmag,koi_kmag,koi_fwm_stat_sig,koi_fwm_sra,koi_fwm_sdec,koi_fwm_srao,koi_fwm_sdeco,koi_fwm_prao,koi_fwm_pdeco,koi_dicco_mra,koi_dicco_mdec,koi_dicco_msky,koi_dikco_mra,koi_dikco_mdec,koi_dikco_msky
10797460,K00752.01,Kepler-227 b,CONFIRMED,Done,2018-08-16,CANDIDATE,1.0,0,0,0,0,q1_q17_dr25_sup_koi,NO_COMMENT,9.48803557,170.53875,2455003.539,0.0,,0.146,2.9575,,615.8,0.022344,3.20796,LS+MCMC,2.26,0.0853,89.66,793.0,93.59,24.81,Claret (2011 A&A 529 75) ATLAS LS,0.0,0.0,0.2291,0.4603,q1_q17_dr25_koi,5.135849,28.47082,35.8,2,142.0,1.0,q1_q17_dr25_tce,11111111111111111000000000000000,0.6864,Mandel and Agol (2002 ApJ 580 171),,,010/010797/010797460/dv/kplr010797460-20160209194854_dvr.pdf,010/010797/010797460/dv/kplr010797460-001-20160209194854_dvs.pdf,5455.0,4.467,0.14,0.927,0.919,,q1_q17_dr25_stellar,291.93423,48.141651,15.347,15.89,15.27,15.114,15.006,14.082,13.751,13.648,0.002,19.462294,48.14191,0.43,0.94,-0.0002,-0.00055,-0.01,0.2,0.2,0.08,0.31,0.32
10797460,K00752.02,Kepler-227 c,CONFIRMED,Done,2018-08-16,CANDIDATE,0.969,0,0,0,0,q1_q17_dr25_sup_koi,NO_COMMENT,54.4183827,162.51384,2454995.514,0.0,,0.586,4.507,,874.8,0.027954,3.02368,LS+MCMC,2.83,0.2734,89.57,443.0,9.11,77.9,Claret (2011 A&A 529 75) ATLAS LS,0.0,0.0,0.2291,0.4603,q1_q17_dr25_koi,7.027669,20.109507,25.8,2,25.0,2.0,q1_q17_dr25_tce,11111111111111111000000000000000,0.0023,Mandel and Agol (2002 ApJ 580 171),,,010/010797/010797460/dv/kplr010797460-20160209194854_dvr.pdf,010/010797/010797460/dv/kplr010797460-002-20160209194854_dvs.pdf,5455.0,4.467,0.14,0.927,0.919,,q1_q17_dr25_stellar,291.93423,48.141651,15.347,15.89,15.27,15.114,15.006,14.082,13.751,13.648,0.003,19.462265,48.14199,-0.63,1.23,0.00066,-0.00105,0.39,0.0,0.39,0.49,0.12,0.5
10854555,K00755.01,Kepler-664 b,CONFIRMED,Done,2018-08-16,CANDIDATE,1.0,0,0,0,0,q1_q17_dr25_sup_koi,NO_COMMENT,2.525591777,171.59555,2455004.596,0.0,,0.701,1.6545,,603.3,0.024064,1.98635,LS+MCMC,2.75,0.0374,85.41,1406.0,926.16,8.75,Claret (2011 A&A 529 75) ATLAS LS,0.0,0.0,0.2844,0.3661,q1_q17_dr25_koi,4.749945,33.1919,40.9,1,515.0,1.0,q1_q17_dr25_tce,01111111111111111000000000000000,0.309,Mandel and Agol (2002 ApJ 580 171),,,010/010854/010854555/dv/kplr010854555-20160209194854_dvr.pdf,010/010854/010854555/dv/kplr010854555-001-20160209194854_dvs.pdf,6031.0,4.438,0.07,1.046,1.095,,q1_q17_dr25_stellar,288.75488,48.2262,15.509,16.015,15.468,15.292,15.241,14.366,14.064,13.952,0.733,19.2503258,48.22626,-0.01,0.23,8e-05,-7e-05,0.03,-0.09,0.1,0.07,0.02,0.07
10872983,K00756.01,Kepler-228 d,CONFIRMED,Done,2018-08-16,CANDIDATE,1.0,0,0,0,0,q1_q17_dr25_sup_koi,NO_COMMENT,11.09432054,171.20116,2455004.201,0.0,,0.538,4.5945,,1517.5,0.036779,0.67324,LS+MCMC,3.9,0.0992,88.11,835.0,114.81,16.36,Claret (2011 A&A 529 75) ATLAS LS,0.0,0.0,0.2889,0.3511,q1_q17_dr25_koi,9.046456,55.204865,66.5,3,95.0,1.0,q1_q17_dr25_tce,01111101110111011000000000000000,0.0975,Mandel and Agol (2002 ApJ 580 171),,,010/010872/010872983/dv/kplr010872983-20160209194854_dvr.pdf,010/010872/010872983/dv/kplr010872983-001-20160209194854_dvs.pdf,6046.0,4.486,-0.08,0.972,1.053,,q1_q17_dr25_stellar,296.28613,48.22467,15.714,16.234,15.677,15.492,15.441,14.528,14.113,14.132,,19.7524061,48.22471,-0.12,0.14,4e-05,,0.04,-0.07,0.08,-0.02,-0.08,0.08
10872983,K00756.02,Kepler-228 c,CONFIRMED,Done,2018-08-16,CANDIDATE,1.0,0,0,0,0,q1_q17_dr25_sup_koi,NO_COMMENT,4.13443512,172.97937,2455005.979,0.0,,0.762,3.1402,,686.0,0.026133,0.37377,LS+MCMC,2.77,0.0514,83.72,1160.0,427.65,6.96,Claret (2011 A&A 529 75) ATLAS LS,0.0,0.0,0.2889,0.3511,q1_q17_dr25_koi,5.500643,33.546658,40.2,3,240.0,2.0,q1_q17_dr25_tce,01111101110111011000000000000000,0.546,Mandel and Agol (2002 ApJ 580 171),,,010/010872/010872983/dv/kplr010872983-20160209194854_dvr.pdf,010/010872/010872983/dv/kplr010872983-002-20160209194854_dvs.pdf,6046.0,4.486,-0.08,0.972,1.053,,q1_q17_dr25_stellar,296.28613,48.22467,15.714,16.234,15.677,15.492,15.441,14.528,14.113,14.132,,19.752413,48.22458,0.14,-0.32,-0.00016,,0.25,0.09,0.26,0.18,0.06,0.19
10872983,K00756.03,Kepler-228 b,CONFIRMED,Done,2018-08-16,CANDIDATE,0.992,0,0,0,0,q1_q17_dr25_sup_koi,NO_COMMENT,2.56658897,179.55437,2455012.554,0.0,,0.755,2.429,,226.5,0.014983,0.48909,LS+MCMC,1.59,0.0374,82.17,1360.0,807.74,5.54,Claret (2011 A&A 529 75) ATLAS LS,0.0,0.0,0.2889,0.3511,q1_q17_dr25_koi,4.3886313,12.325094,15.0,3,355.0,3.0,q1_q17_dr25_tce,01111101110111011000000000000000,0.4352,Mandel and Agol (2002 ApJ 580 171),,,010/010872/010872983/dv/kplr010872983-20160209194854_dvr.pdf,010/010872/010872983/dv/kplr010872983-003-20160209194854_dvs.pdf,6046.0,4.486,-0.08,0.972,1.053,,q1_q17_dr25_stellar,296.28613,48.22467,15.714,16.234,15.677,15.492,15.441,14.528,14.113,14.132,,19.752412,48.22476,0.1,0.3,-4e-05,,-0.33,-0.3,0.45,-0.41,-0.29,0.5
10910878,K00757.01,Kepler-229 c,CONFIRMED,Done,2018-08-16,CANDIDATE,1.0,0,0,0,0,q1_q17_dr25_sup_koi,NO_COMMENT,16.06864674,173.621937,2455006.622,0.0,,0.052,3.5347,,4914.3,0.062161,3.6659,LS+MCMC,5.76,0.1158,89.92,600.0,30.75,36.85,Claret (2011 A&A 529 75) ATLAS LS,0.0,0.0,0.1451,0.582,q1_q17_dr25_koi,20.457163,137.44981,161.9,3,69.0,1.0,q1_q17_dr25_tce,11111110111011101000000000000000,0.1819,Mandel and Agol (2002 ApJ 580 171),,,010/010910/010910878/dv/kplr010910878-20160209194854_dvr.pdf,010/010910/010910878/dv/kplr010910878-001-20160209194854_dvs.pdf,5031.0,4.485,0.16,0.848,0.801,,q1_q17_dr25_stellar,286.99948,48.37579,15.841,16.559,15.77,15.534,15.368,14.363,13.868,13.785,0.063,19.1332989,48.375778,0.033,-0.044,0.00026,0.00049,0.041,-0.015,0.044,0.005,0.03,0.031
11446443,K00001.01,Kepler-1 b,CONFIRMED,Done,2018-08-16,CANDIDATE,0.811,0,0,0,0,q1_q17_dr25_sup_koi,CENT_SATURATED,2.470613377,122.763305,2454955.763,0.0,,0.818,1.74319,,14231.0,0.123871,1.83538,LS+MCMC,13.04,0.0354,84.41,1339.0,761.46,8.3977,Claret (2011 A&A 529 75) ATLAS LS,0.0,0.0,0.2676,0.3928,q1_q17_dr25_koi,544.1701,6468.04,4304.3,1,432.0,1.0,q1_q17_dr25_tce,11111110111011101000000000000000,0.1522,Mandel and Agol (2002 ApJ 580 171),,,011/011446/011446443/dv/kplr011446443-20160209194854_dvr.pdf,011/011446/011446443/dv/kplr011446443-001-20160209194854_dvs.pdf,5820.0,4.457,-0.06,0.964,0.971,,q1_q17_dr25_stellar,286.80847,49.316399,11.338,11.736,11.275,11.168,11.126,10.232,9.92,9.846,0.0,19.12056404,49.31642961,-0.0232,0.1066,-0.00012,0.00078,-0.009,-0.3,0.3,0.015,-0.27,0.27
10666592,K00002.01,Kepler-2 b,CONFIRMED,Done,2018-08-16,CANDIDATE,1.0,0,1,0,0,q1_q17_dr25_sup_koi,MOD_SEC_DV---PLANET_OCCULT_DV---MOD_SEC_ALT---PLANET_OCCULT_ALT---HAS_SEC_TCE---CENT_SATURATED,2.204735417,121.3585417,2454954.359,0.0,,0.224,3.88864,,6674.7,0.075522,0.37936,LS+MCMC,16.1,0.0376,87.21,2048.0,4148.92,4.602,Claret (2011 A&A 529 75) ATLAS LS,0.0,0.0,0.3168,0.2958,q1_q17_dr25_koi,232.27,3862.1846,5945.9,1,611.0,1.0,q1_q17_dr25_tce,11111111111111111000000000000000,0.0,Mandel and Agol (2002 ApJ 580 171),,,010/010666/010666592/dv/kplr010666592-20160209194854_dvr.pdf,010/010666/010666592/dv/kplr010666592-001-20160209194854_dvs.pdf,6440.0,4.019,0.14,1.952,1.449,,q1_q17_dr25_stellar,292.24728,47.969521,10.463,10.935,10.49,,,9.555,9.344,9.334,,19.483163025,47.96930831,0.3986,-0.7585,-0.001754,,2.22,-3.29,3.97,2.02,-3.67,4.19
6922244,K00010.01,Kepler-8 b,CONFIRMED,Done,2018-08-16,CANDIDATE,0.998,0,0,0,0,q1_q17_dr25_sup_koi,NO_COMMENT,3.522498429,121.1194228,2454954.119,0.0,,0.631,3.19843,,9145.7,0.092086,0.65374,LS+MCMC,14.59,0.0473,85.2,1521.0,1264.67,7.541,Claret (2011 A&A 529 75) ATLAS LS,0.0,0.0,0.305,0.3201,q1_q17_dr25_koi,130.83832,1725.5824,1741.5,1,384.0,1.0,q1_q17_dr25_tce,11111111111111111000000000000000,0.6662,Mandel and Agol (2002 ApJ 580 171),,,006/006922/006922244/dv/kplr006922244-20160209194854_dvr.pdf,006/006922/006922244/dv/kplr006922244-001-20160209194854_dvs.pdf,6225.0,4.169,-0.04,1.451,1.132,,q1_q17_dr25_stellar,281.28812,42.45108,13.563,13.886,13.511,13.424,13.413,12.576,12.324,12.293,0.0,18.75252746,42.4510634,-0.5515,-0.0597,1e-05,0.00036,0.014,-0.013,0.02,-0.028,0.176,0.178
10984090,K00112.02,Kepler-466 c,CONFIRMED,Done,2018-08-16,CANDIDATE,1.0,0,0,0,0,q1_q17_dr25_sup_koi,NO_COMMENT,3.709214104,133.98318,2454966.983,0.0,,0.051,2.6302,,131.1,0.010424,1.77451,LS+MCMC,1.16,0.0465,89.73,1206.0,500.46,10.888,Claret (2011 A&A 529 75) ATLAS LS,0.0,0.0,0.2622,0.4035,q1_q17_dr25_koi,4.8657312,41.28873,50.6,2,352.0,2.0,q1_q17_dr25_tce,11111111111111111000000000000000,0.605,Mandel and Agol (2002 ApJ 580 171),,,010/010984/010984090/dv/kplr010984090-20160209194854_dvr.pdf,010/010984/010984090/dv/kplr010984090-002-20160209194854_dvs.pdf,5833.0,4.407,-0.04,1.022,0.974,,q1_q17_dr25_stellar,295.64871,48.49556,12.772,13.169,12.74,12.602,12.564,11.698,11.402,11.367,0.009,19.709924,48.495685,0.36,0.45,-4.6e-05,-5e-05,0.24,-0.15,0.29,0.16,-0.13,0.21
10526549,K00746.01,Kepler-660 b,CONFIRMED,Done,2018-08-16,CANDIDATE,1.0,0,0,0,0,q1_q17_dr25_sup_koi,CENT_KIC_POS,9.27358173,173.258155,2455006.258,0.0,,0.387,3.2875,,1288.3,0.032563,1.93557,LS+MCMC,2.47,0.0759,88.93,649.0,41.85,20.65,Claret (2011 A&A 529 75) ATLAS LS,0.0,0.0,0.1263,0.6019,q1_q17_dr25_koi,9.616924,71.48005,87.2,1,144.0,1.0,q1_q17_dr25_tce,11111111111111111000000000000000,0.0504,Mandel and Agol (2002 ApJ 580 171),,,010/010526/010526549/dv/kplr010526549-20160209194854_dvr.pdf,010/010526/010526549/dv/kplr010526549-001-20160209194854_dvs.pdf,4856.0,4.583,-0.3,0.696,0.676,,q1_q17_dr25_stellar,288.13824,47.724449,15.302,16.111,15.24,14.955,14.765,13.672,13.12,13.033,0.037,19.2092154,47.724506,-0.05,0.2,0.00034,0.00019,-0.059,-0.008,0.059,0.042,0.344,0.346
10583066,K00747.01,Kepler-661 b,CONFIRMED,Done,2018-08-16,CANDIDATE,1.0,0,0,0,0,q1_q17_dr25_sup_koi,CENT_KIC_POS,6.02930329,171.602959,2455004.603,0.0,,0.258,1.5821,,1912.7,0.038838,13.09803,LS+MCMC,2.85,0.0585,89.5,678.0,50.04,29.31,Claret (2011 A&A 529 75) ATLAS LS,0.0,0.0,0.0628,0.6908,q1_q17_dr25_koi,6.876831,52.36939,65.4,1,215.0,1.0,q1_q17_dr25_tce,11111111111111111000000000000000,1.0,Mandel and Agol (2002 ApJ 580 171),,,010/010583/010583066/dv/kplr010583066-20160209194854_dvr.pdf,010/010583/010583066/dv/kplr010583066-001-20160209194854_dvs.pdf,4537.0,4.648,0.21,0.672,0.761,,q1_q17_dr25_stellar,283.71088,47.86327,15.784,16.838,15.758,15.332,15.1,14.001,13.37,13.231,0.77,18.9140505,47.863205,-0.32,-0.24,-0.00017,-0.0001,0.11,0.01,0.11,-0.19,-0.24,0.3
10601284,K00749.01,Kepler-226 c,CONFIRMED,Done,2018-08-16,CANDIDATE,1.0,0,0,0,0,q1_q17_dr25_sup_koi,NO_COMMENT,5.349553819,171.80694,2455004.807,0.0,,0.092,3.0278,,831.0,0.025706,1.73782,LS+MCMC,2.55,0.0563,89.62,919.0,168.99,13.8015,Claret (2011 A&A 529 75) ATLAS LS,0.0,0.0,0.186,0.5256,q1_q17_dr25_koi,6.0370364,48.504196,60.6,3,247.0,1.0,q1_q17_dr25_tce,11111111111111111000000000000000,0.7722,Mandel and Agol (2002 ApJ 580 171),,,010/010601/010601284/dv/kplr010601284-20160209194854_dvr.pdf,010/010601/010601284/dv/kplr010601284-001-20160209194854_dvs.pdf,5185.0,4.44,0.16,0.91,0.831,,q1_q17_dr25_stellar,292.37613,47.880989,15.416,15.988,15.363,15.172,15.093,14.114,13.724,13.633,0.002,19.4917224,47.880883,-0.71,-0.38,0.00055,0.0003,0.04,-0.02,0.04,-0.02,-0.03,0.04
10601284,K00749.02,Kepler-226 b,CONFIRMED,Done,2018-08-16,CANDIDATE,0.98,0,0,0,0,q1_q17_dr25_sup_koi,NO_COMMENT,3.94105221,136.08662,2454969.087,0.0,,0.226,2.5984,,363.3,0.017105,1.85636,LS+MCMC,1.7,0.046,88.88,1018.0,253.15,11.51,Claret (2011 A&A 529 75) ATLAS LS,0.0,0.0,0.186,0.5256,q1_q17_dr25_koi,4.5118856,22.749151,28.9,3,322.0,2.0,q1_q17_dr25_tce,11111111111111111000000000000000,0.923,Mandel and Agol (2002 ApJ 580 171),,,010/010601/010601284/dv/kplr010601284-20160209194854_dvr.pdf,010/010601/010601284/dv/kplr010601284-002-20160209194854_dvs.pdf,5185.0,4.44,0.16,0.91,0.831,,q1_q17_dr25_stellar,292.37613,47.880989,15.416,15.988,15.363,15.172,15.093,14.114,13.724,13.633,0.464,19.491748,47.8811,0.2,0.38,-8e-05,-0.00013,-0.23,0.35,0.42,-0.24,0.34,0.42
10601284,K00749.03,Kepler-226 d,CONFIRMED,Done,2018-08-16,CANDIDATE,0.971,0,0,0,0,q1_q17_dr25_sup_koi,NO_COMMENT,8.10904807,132.8031,2454965.803,0.0,,0.025,3.596,,217.4,0.013127,1.5302,LS+MCMC,1.3,0.0743,89.92,800.0,97.03,17.46,Claret (2011 A&A 529 75) ATLAS LS,0.0,0.0,0.186,0.5256,q1_q17_dr25_koi,4.434382,9.776852,14.1,3,141.0,3.0,q1_q17_dr25_tce,11111111111111111000000000000000,0.7742,Mandel and Agol (2002 ApJ 580 171),,,010/010601/010601284/dv/kplr010601284-20160209194854_dvr.pdf,010/010601/010601284/dv/kplr010601284-003-20160209194854_dvs.pdf,5185.0,4.44,0.16,0.91,0.831,,q1_q17_dr25_stellar,292.37613,47.880989,15.416,15.988,15.363,15.172,15.093,14.114,13.724,13.633,0.013,19.491847,47.88095,3.8,-0.1,-0.00072,2e-05,-0.11,-0.14,0.18,-0.15,-0.15,0.22
10662202,K00750.01,Kepler-662 b,CONFIRMED,Done,2018-08-16,CANDIDATE,1.0,0,0,0,0,q1_q17_dr25_sup_koi,NO_COMMENT,21.67699193,171.53594,2455004.536,0.0,,0.896,3.4555,,857.2,0.032666,0.60007,LS+MCMC,2.95,0.1408,87.91,530.0,18.64,24.6,Claret (2011 A&A 529 75) ATLAS LS,0.0,0.0,0.1451,0.582,q1_q17_dr25_koi,5.911944,24.54073,34.3,4,62.0,1.0,q1_q17_dr25_tce,11111111111111111000000000000000,0.6183,Mandel and Agol (2002 ApJ 580 171),,,010/010662/010662202/dv/kplr010662202-20160209194854_dvr.pdf,010/010662/010662202/dv/kplr010662202-001-20160209194854_dvs.pdf,4954.0,4.5,0.18,0.828,0.791,,q1_q17_dr25_stellar,290.46512,47.92918,15.377,16.172,15.343,15.036,14.826,13.81,13.298,13.201,0.103,19.364357,47.92911,0.54,-0.26,-0.00064,0.0,-0.1,-0.04,0.11,-0.28,-0.23,0.36
10682541,K00751.01,Kepler-663 b,CONFIRMED,Done,2018-08-16,CANDIDATE,1.0,0,0,0,0,q1_q17_dr25_sup_koi,NO_COMMENT,4.99677968,171.74208,2455004.742,0.0,,0.71,2.1717,,934.7,0.030014,1.71827,LS+MCMC,2.78,0.0559,86.9,917.0,166.95,13.14,Claret (2011 A&A 529 75) ATLAS LS,0.0,0.0,0.186,0.5256,q1_q17_dr25_koi,4.132564,24.283327,28.2,1,208.0,1.0,q1_q17_dr25_tce,01111101110111011000000000000000,0.036,Mandel and Agol (2002 ApJ 580 171),,,010/010682/010682541/dv/kplr010682541-20160209194854_dvr.pdf,010/010682/010682541/dv/kplr010682541-001-20160209194854_dvs.pdf,5339.0,4.552,0.18,0.847,0.931,,q1_q17_dr25_stellar,297.80826,47.946671,15.861,16.577,15.805,15.554,15.445,14.448,14.018,13.903,0.998,19.853891,47.94662,0.26,-0.17,2e-05,1e-05,-0.14,0.17,0.22,-0.06,0.1,0.11
11460018,K00769.01,Kepler-671 b,CONFIRMED,Done,2018-08-16,CANDIDATE,1.0,0,0,0,0,q1_q17_dr25_sup_koi,NO_COMMENT,4.280963604,171.89659,2455004.897,0.0,,0.424,2.875,,750.8,0.025377,1.24482,LS+MCMC,2.3,0.0503,87.72,1012.0,247.87,10.64,Claret (2011 A&A 529 75) ATLAS LS,0.0,0.0,0.2676,0.3928,q1_q17_dr25_koi,6.7006826,52.913242,61.8,1,311.0,1.0,q1_q17_dr25_tce,11111111111111111000000000000000,0.4302,Mandel and Agol (2002 ApJ 580 171),,,011/011460/011460018/dv/kplr011460018-20160209194854_dvr.pdf,011/011460/011460018/dv/kplr011460018-001-20160209194854_dvs.pdf,5644.0,4.564,-0.14,0.831,0.928,,q1_q17_dr25_stellar,294.26581,49.314091,15.356,15.926,15.314,15.112,15.033,14.121,13.756,13.769,0.0,19.6177106,49.314102,-0.33,0.04,0.00073,6e-05,0.003,-0.065,0.066,-0.015,0.158,0.158
11507101,K00773.01,Kepler-672 b,CONFIRMED,Done,2018-08-16,CANDIDATE,1.0,0,0,0,0,q1_q17_dr25_sup_koi,CENT_KIC_POS,38.3775486,172.82048,2455005.82,0.0,,0.468,5.588,,724.2,0.024901,1.40588,LS+MCMC,2.82,0.2163,89.44,529.0,18.53,47.8,Claret (2011 A&A 529 75) ATLAS LS,0.0,0.0,0.224,0.4695,q1_q17_dr25_koi,10.352898,31.946487,34.7,1,37.0,1.0,q1_q17_dr25_tce,11111111111111111000000000000000,0.3889,Mandel and Agol (2002 ApJ 580 171),,,011/011507/011507101/dv/kplr011507101-20160209194854_dvr.pdf,011/011507/011507101/dv/kplr011507101-001-20160209194854_dvs.pdf,5481.0,4.369,0.16,1.036,0.915,,q1_q17_dr25_stellar,291.72202,49.480869,15.172,15.654,15.089,14.965,14.874,13.962,13.639,13.497,0.0,19.4481442,49.480618,0.36,-0.91,0.00067,-0.00104,-0.85,1.54,1.76,-0.01,0.04,0.04
10910878,K00757.02,Kepler-229 d,CONFIRMED,Done,2018-08-16,CANDIDATE,0.992,0,0,0,0,q1_q17_dr25_sup_koi,NO_COMMENT,41.19725502,165.00404,2454998.004,0.0,,0.045,4.6297,,2213.9,0.041693,3.9471,LS+MCMC,3.86,0.217,89.96,439.0,8.76,70.75,Claret (2011 A&A 529 75) ATLAS LS,0.0,0.0,0.1451,0.582,q1_q17_dr25_koi,11.918161,37.877567,51.2,3,26.0,2.0,q1_q17_dr25_tce,11111110111011101000000000000000,0.1551,Mandel and Agol (2002 ApJ 580 171),,,010/010910/010910878/dv/kplr010910878-20160209194854_dvr.pdf,010/010910/010910878/dv/kplr010910878-002-20160209194854_dvs.pdf,5031.0,4.485,0.16,0.848,0.801,,q1_q17_dr25_stellar,286.99948,48.37579,15.841,16.559,15.77,15.534,15.368,14.363,13.868,13.785,0.123,19.1332861,48.37579,-0.43,0.0,0.00111,0.00012,0.12,0.0,0.12,0.07,0.03,0.08
10910878,K00757.03,Kepler-229 b,CONFIRMED,Done,2018-08-16,CANDIDATE,1.0,0,0,0,0,q1_q17_dr25_sup_koi,NO_COMMENT,6.252962249,171.30126,2455004.301,0.0,,0.105,2.5819,,1036.9,0.028604,3.28707,LS+MCMC,2.65,0.0617,89.68,823.0,108.3,18.94,Claret (2011 A&A 529 75) ATLAS LS,0.0,0.0,0.1451,0.582,q1_q17_dr25_koi,5.834264,35.96252,47.1,3,167.0,3.0,q1_q17_dr25_tce,11111110111011101000000000000000,0.7587,Mandel and Agol (2002 ApJ 580 171),,,010/010910/010910878/dv/kplr010910878-20160209194854_dvr.pdf,010/010910/010910878/dv/kplr010910878-003-20160209194854_dvs.pdf,5031.0,4.485,0.16,0.848,0.801,,q1_q17_dr25_stellar,286.99948,48.37579,15.841,16.559,15.77,15.534,15.368,14.363,13.868,13.785,0.236,19.1332878,48.375832,-0.36,0.15,0.00042,-9e-05,0.03,0.05,0.06,-0.02,0.05,0.05
10987985,K00758.01,Kepler-665 b,CONFIRMED,Done,2018-08-16,CANDIDATE,1.0,0,0,0,0,q1_q17_dr25_sup_koi,NO_COMMENT,16.01308419,176.3608,2455009.361,0.0,,0.799,3.2554,,1121.9,0.034369,1.10942,LS+MCMC,3.1,0.1148,88.14,593.0,29.31,24.7,Claret (2011 A&A 529 75) ATLAS LS,0.0,0.0,0.1496,0.5746,q1_q17_dr25_koi,8.468995,31.066507,33.2,1,65.0,1.0,q1_q17_dr25_tce,11101101110111011000000000000000,0.8555,Mandel and Agol (2002 ApJ 580 171),,,010/010987/010987985/dv/kplr010987985-20160209194854_dvr.pdf,010/010987/010987985/dv/kplr010987985-001-20160209194854_dvs.pdf,5015.0,4.499,0.1,0.826,0.785,,q1_q17_dr25_stellar,297.02563,48.478588,15.39,16.223,15.342,15.033,14.903,13.855,13.323,13.214,0.167,19.801708,48.47849,-0.03,-0.36,-2e-05,0.00054,-0.06,-0.21,0.22,-0.18,-0.08,0.19
11018648,K00759.01,Kepler-230 b,CONFIRMED,Done,2018-08-16,CANDIDATE,1.0,0,0,0,0,q1_q17_dr25_sup_koi,NO_COMMENT,32.62876672,194.1019,2455027.102,0.0,,0.021,4.7971,,1804.8,0.03852,2.79093,LS+MCMC,3.36,0.1889,89.98,506.0,15.55,53.95,Claret (2011 A&A 529 75) ATLAS LS,0.0,0.0,0.2521,0.421,q1_q17_dr25_koi,14.0889,61.372303,80.0,2,34.0,1.0,q1_q17_dr25_tce,11111110111011101000000000000000,0.6386,Mandel and Agol (2002 ApJ 580 171),,,011/011018/011018648/dv/kplr011018648-20160209194854_dvr.pdf,011/011018/011018648/dv/kplr011018648-001-20160209194854_dvs.pdf,5586.0,4.56,-0.3,0.798,0.844,,q1_q17_dr25_stellar,285.71854,48.505859,15.082,15.64,15.04,14.842,14.765,13.824,13.37,13.299,0.047,19.0478951,48.505812,-0.25,-0.17,0.00079,-0.00016,0.037,0.07,0.08,0.121,-0.09,0.15
11018648,K00759.02,Kepler-230 c,CONFIRMED,Done,2018-08-16,CANDIDATE,0.978,0,0,0,0,q1_q17_dr25_sup_koi,NO_COMMENT,91.7732862,193.8378,2455026.838,0.0,,0.606,6.473,,652.0,0.02432,1.60558,LS+MCMC,2.12,0.3764,89.61,359.0,3.92,89.4,Claret (2011 A&A 529 75) ATLAS LS,0.0,0.0,0.2521,0.421,q1_q17_dr25_koi,6.9461374,14.678595,19.1,2,11.0,2.0,q1_q17_dr25_tce,11111110111011101000000000000000,0.7668,Mandel and Agol (2002 ApJ 580 171),,,011/011018/011018648/dv/kplr011018648-20160209194854_dvr.pdf,011/011018/011018648/dv/kplr011018648-002-20160209194854_dvs.pdf,5586.0,4.56,-0.3,0.798,0.844,,q1_q17_dr25_stellar,285.71854,48.505859,15.082,15.64,15.04,14.842,14.765,13.824,13.37,13.299,0.599,19.047889,48.50571,-0.5,-0.52,0.00041,0.00016,-0.36,-0.41,0.55,-0.35,-0.55,0.65
11138155,K00760.01,Kepler-1976 b,CONFIRMED,Done,2018-08-16,CANDIDATE,1.0,0,0,0,0,q1_q17_dr25_sup_koi,NO_COMMENT,4.959319244,172.2585292,2455005.259,0.0,,0.831,2.22739,,9802.0,0.103379,1.46169,LS+MCMC,12.21,0.0565,86.15,1103.0,349.4,12.386,Claret (2011 A&A 529 75) ATLAS LS,0.0,0.0,0.2602,0.4096,q1_q17_dr25_koi,58.764744,670.4895,696.5,1,269.0,1.0,q1_q17_dr25_tce,11111111111111111000000000000000,0.0517,Mandel and Agol (2002 ApJ 580 171),,,011/011138/011138155/dv/kplr011138155-20160209194854_dvr.pdf,011/011138/011138155/dv/kplr011138155-001-20160209194854_dvs.pdf,5712.0,4.359,0.1,1.082,0.976,,q1_q17_dr25_stellar,292.16705,48.727589,15.263,15.715,15.209,15.069,15.041,14.123,13.815,13.805,0.705,19.47780401,48.7275662,0.0,-0.086,0.00011,-7e-05,-0.018,0.012,0.022,-0.021,-0.077,0.08
11153539,K00762.01,Kepler-666 b,CONFIRMED,Done,2018-08-16,CANDIDATE,1.0,0,0,0,0,q1_q17_dr25_sup_koi,NO_COMMENT,4.49876511,171.34905,2455004.349,0.0,,0.312,3.7362,,460.0,0.019817,0.67106,LS+MCMC,2.1,0.0542,88.0,1133.0,389.62,8.95,Claret (2011 A&A 529 75) ATLAS LS,0.0,0.0,0.2889,0.3511,q1_q17_dr25_koi,4.435833,26.501581,29.5,1,238.0,1.0,q1_q17_dr25_tce,11111101110111011000000000000000,0.1694,Mandel and Agol (2002 ApJ 580 171),,,011/011153/011153539/dv/kplr011153539-20160209194854_dvr.pdf,011/011153/011153539/dv/kplr011153539-001-20160209194854_dvs.pdf,6075.0,4.486,-0.12,0.969,1.048,,q1_q17_dr25_stellar,298.45685,48.791592,15.395,15.874,15.335,15.19,15.084,14.199,13.853,13.807,0.281,19.897146,48.79174,0.83,0.54,-0.00024,-0.0001,0.09,-0.12,0.15,0.18,0.04,0.19
9579641,K00115.01,Kepler-105 b,CONFIRMED,Done,2018-08-16,CANDIDATE,1.0,0,0,0,0,q1_q17_dr25_sup_koi,NO_COMMENT,5.412203927,133.143089,2454966.143,0.0,,0.787,2.9472,,601.6,0.024775,0.51087,LS+MCMC,2.94,0.0591,85.12,1093.0,337.68,9.25,Claret (2011 A&A 529 75) ATLAS LS,0.0,0.0,0.2676,0.3928,q1_q17_dr25_koi,46.475086,163.47614,166.7,3,244.0,1.0,q1_q17_dr25_tce,11111111111111111000000000000000,0.2265,Mandel and Agol (2002 ApJ 580 171),,,009/009579/009579641/dv/kplr009579641-20160209194854_dvr.pdf,009/009579/009579641/dv/kplr009579641-001-20160209194854_dvs.pdf,5779.0,4.339,-0.06,1.087,0.941,,q1_q17_dr25_stellar,287.88733,46.276241,12.791,13.111,12.732,12.654,12.648,11.811,11.555,11.503,0.0,19.1924882,46.276192,0.007,-0.175,-5.2e-05,-0.000137,-0.03,0.08,0.08,-0.16,-0.18,0.24
11304958,K00764.01,Kepler-667 b,CONFIRMED,Done,2018-08-16,CANDIDATE,0.998,0,0,0,0,q1_q17_dr25_sup_koi,NO_COMMENT,41.43958662,208.93203,2455041.932,0.0,,0.355,10.5989,,2793.1,0.048175,0.28189,LS+MCMC,5.5,0.2288,89.31,516.0,16.72,29.47,Claret (2011 A&A 529 75) ATLAS LS,0.0,0.0,0.224,0.4695,q1_q17_dr25_koi,27.788597,124.52492,141.1,1,33.0,1.0,q1_q17_dr25_tce,11111111111111111000000000000000,0.4776,Mandel and Agol (2002 ApJ 580 171),,,011/011304/011304958/dv/kplr011304958-20160209194854_dvr.pdf,011/011304/011304958/dv/kplr011304958-001-20160209194854_dvs.pdf,5468.0,4.367,0.22,1.046,0.93,,q1_q17_dr25_stellar,295.55505,49.017342,15.4,16.068,15.32,15.114,14.996,13.948,13.596,13.519,0.043,19.7036699,49.017297,0.0,-0.15,-0.00022,-0.0004,-0.029,-0.072,0.078,-0.049,-0.069,0.085
11391957,K00765.01,Kepler-668 b,CONFIRMED,Done,2018-08-16,CANDIDATE,1.0,0,0,0,0,q1_q17_dr25_sup_koi,NO_COMMENT,8.35389523,171.63257,2455004.633,0.0,,0.023,2.2514,,1041.6,0.029305,6.73215,LS+MCMC,2.52,0.0768,89.95,790.0,91.9,29.18,Claret (2011 A&A 529 75) ATLAS LS,0.0,0.0,0.2521,0.421,q1_q17_dr25_koi,5.6967807,36.34974,43.4,1,127.0,1.0,q1_q17_dr25_tce,11111110111011101000000000000000,0.5047,Mandel and Agol (2002 ApJ 580 171),,,011/011391/011391957/dv/kplr011391957-20160209194854_dvr.pdf,011/011391/011391957/dv/kplr011391957-001-20160209194854_dvs.pdf,5592.0,4.582,-0.28,0.787,0.862,,q1_q17_dr25_stellar,285.49924,49.277351,15.317,15.862,15.267,15.083,14.985,13.996,13.582,13.533,0.645,19.033292,49.277375,0.32,0.09,-0.00025,-9e-05,0.0,0.09,0.09,0.04,-0.17,0.17
11403044,K00766.01,Kepler-669 b,CONFIRMED,Done,2018-08-16,CANDIDATE,1.0,0,0,0,0,q1_q17_dr25_sup_koi,NO_COMMENT,4.125543472,169.752585,2455002.753,0.0,,0.597,3.1744,,1487.3,0.036796,0.67162,LS+MCMC,4.43,0.0529,85.95,1243.0,565.35,8.45,Claret (2011 A&A 529 75) ATLAS LS,0.0,0.0,0.3024,0.3288,q1_q17_dr25_koi,9.387555,94.70979,128.6,1,323.0,1.0,q1_q17_dr25_tce,01111111111111111000000000000000,0.6043,Mandel and Agol (2002 ApJ 580 171),,,011/011403/011403044/dv/kplr011403044-20160209194854_dvr.pdf,011/011403/011403044/dv/kplr011403044-001-20160209194854_dvs.pdf,6174.0,4.417,0.1,1.103,1.162,,q1_q17_dr25_stellar,291.93616,49.253979,15.506,15.977,15.453,15.305,15.253,14.38,14.083,14.198,0.431,19.4624133,49.254001,0.07,0.07,-0.00012,-9e-05,-0.034,0.009,0.035,-0.066,0.036,0.075
11414511,K00767.01,Kepler-670 b,CONFIRMED,Done,2018-08-16,CANDIDATE,1.0,0,0,0,0,q1_q17_dr25_sup_koi,NO_COMMENT,2.816504904,170.9676846,2455003.968,0.0,,0.105,2.50587,,16814.0,0.117059,2.09079,LS+MCMC,12.21,0.0383,89.37,1219.0,521.13,9.571,Claret (2011 A&A 529 75) ATLAS LS,0.0,0.0,0.2291,0.4603,q1_q17_dr25_koi,104.64681,1328.3038,1406.8,1,474.0,1.0,q1_q17_dr25_tce,11111111111111111000000000000000,0.7998,Mandel and Agol (2002 ApJ 580 171),,,011/011414/011414511/dv/kplr011414511-20160209194854_dvr.pdf,011/011414/011414511/dv/kplr011414511-001-20160209194854_dvs.pdf,5532.0,4.452,0.14,0.955,0.941,,q1_q17_dr25_stellar,297.01547,49.225288,15.052,15.636,14.988,14.802,14.685,13.732,13.393,13.315,0.0,19.8010403,49.2253781,0.3386,0.317,-0.00034,0.00069,-0.024,-0.007,0.025,0.032,0.159,0.162
12110942,K00786.01,Kepler-680 b,CONFIRMED,Done,2018-08-16,CANDIDATE,1.0,0,0,0,0,q1_q17_dr25_sup_koi,NO_COMMENT,3.689920099,170.36571,2455003.366,0.0,,0.151,2.6557,,426.7,0.018878,1.70798,LS+MCMC,1.89,0.0469,89.19,1147.0,408.99,10.71,Claret (2011 A&A 529 75) ATLAS LS,0.0,0.0,0.2889,0.3511,q1_q17_dr25_koi,4.8750124,31.786789,35.6,1,360.0,1.0,q1_q17_dr25_tce,11111111111111111000000000000000,0.4053,Mandel and Agol (2002 ApJ 580 171),,,012/012110/012110942/dv/kplr012110942-20160209194854_dvr.pdf,012/012110/012110942/dv/kplr012110942-001-20160209194854_dvs.pdf,5880.0,4.518,-0.06,0.917,1.01,,q1_q17_dr25_stellar,291.62241,50.61824,15.242,15.735,15.177,15.031,14.969,14.012,13.72,13.764,0.255,19.441486,50.61826,-0.27,0.07,0.00017,0.00012,-0.27,0.05,0.27,-0.3,-0.02,0.3
12366084,K00787.01,Kepler-232 b,CONFIRMED,Done,2018-08-16,CANDIDATE,1.0,0,0,0,0,q1_q17_dr25_sup_koi,NO_COMMENT,4.431238488,171.015,2455004.015,0.0,,0.405,3.15,,1010.9,0.02933,1.01996,LS+MCMC,3.25,0.0529,87.72,1104.0,351.23,10.19,Claret (2011 A&A 529 75) ATLAS LS,0.0,0.0,0.2555,0.4191,q1_q17_dr25_koi,6.815371,58.259056,71.1,3,302.0,1.0,q1_q17_dr25_tce,11111111111111111000000000000000,0.52,Mandel and Agol (2002 ApJ 580 171),,,012/012366/012366084/dv/kplr012366084-20160209194854_dvr.pdf,012/012366/012366084/dv/kplr012366084-001-20160209194854_dvs.pdf,5714.0,4.428,0.16,1.015,1.007,,q1_q17_dr25_stellar,295.81616,51.121738,15.367,15.912,15.311,15.133,15.081,14.179,13.799,13.765,0.016,19.7210781,51.121966,0.03,0.82,0.0005,-0.0001,-0.097,0.03,0.1,-0.045,0.06,0.07
12366084,K00787.02,Kepler-232 c,CONFIRMED,Done,2018-08-16,CANDIDATE,1.0,0,0,0,0,q1_q17_dr25_sup_koi,NO_COMMENT,11.37936986,133.84992,2454966.85,0.0,,0.911,2.6255,,1023.5,0.035628,0.63438,LS+MCMC,3.95,0.0993,86.8,806.0,99.68,16.31,Claret (2011 A&A 529 75) ATLAS LS,0.0,0.0,0.2555,0.4191,q1_q17_dr25_koi,5.2506146,29.930164,37.9,3,109.0,2.0,q1_q17_dr25_tce,11111111111111111000000000000000,0.2364,Mandel and Agol (2002 ApJ 580 171),,,012/012366/012366084/dv/kplr012366084-20160209194854_dvr.pdf,012/012366/012366084/dv/kplr012366084-002-20160209194854_dvs.pdf,5714.0,4.428,0.16,1.015,1.007,,q1_q17_dr25_stellar,295.81616,51.121738,15.367,15.912,15.311,15.133,15.081,14.179,13.799,13.765,0.372,19.721105,51.12198,0.93,0.88,-0.00041,-0.00017,0.09,-0.06,0.11,0.14,-0.05,0.15
12404086,K00788.01,Kepler-681 b,CONFIRMED,Done,2018-08-16,CANDIDATE,1.0,0,0,0,0,q1_q17_dr25_sup_koi,NO_COMMENT,26.39432897,176.05459,2455009.055,0.0,,0.602,3.573,,1510.9,0.03681,2.93923,LS+MCMC,3.07,0.1635,89.28,489.0,13.49,47.7,Claret (2011 A&A 529 75) ATLAS LS,0.0,0.0,0.1959,0.5086,q1_q17_dr25_koi,8.917681,41.269753,48.2,1,51.0,1.0,q1_q17_dr25_tce,11111111111111111000000000000000,0.2735,Mandel and Agol (2002 ApJ 580 171),,,012/012404/012404086/dv/kplr012404086-20160209194854_dvr.pdf,012/012404/012404086/dv/kplr012404086-001-20160209194854_dvs.pdf,5129.0,4.595,0.02,0.763,0.846,,q1_q17_dr25_stellar,289.39972,51.25032,15.234,15.956,15.16,14.924,14.816,13.757,13.272,13.172,0.592,19.2933174,51.250533,0.09,0.77,0.00037,3e-05,-0.18,0.2,0.27,-0.18,0.05,0.18
8395660,K00116.01,Kepler-106 c,CONFIRMED,Done,2018-08-16,CANDIDATE,1.0,0,0,0,0,q1_q17_dr25_sup_koi,NO_COMMENT,13.57078281,136.279194,2454969.279,0.0,,0.866,3.3539,,511.7,0.023908,0.49865,LS+MCMC,2.64,0.1096,87.07,785.0,89.61,16.93,Claret (2011 A&A 529 75) ATLAS LS,0.0,0.0,0.2676,0.3928,q1_q17_dr25_koi,18.771214,76.76887,88.4,4,101.0,1.0,q1_q17_dr25_tce,11111111111111111000000000000000,0.6645,Mandel and Agol (2002 ApJ 580 171),,,008/008395/008395660/dv/kplr008395660-20160209194854_dvr.pdf,008/008395/008395660/dv/kplr008395660-001-20160209194854_dvs.pdf,5854.0,4.406,-0.12,1.012,0.951,,q1_q17_dr25_stellar,300.86398,44.337551,12.882,13.293,12.85,12.706,12.646,11.752,11.494,11.431,0.044,20.0576138,44.337549,0.61,0.0,-4.4e-05,0.000108,0.26,0.02,0.26,0.37,0.19,0.41
9579641,K00115.02,Kepler-105 c,CONFIRMED,Done,2018-08-16,CANDIDATE,1.0,0,0,0,0,q1_q17_dr25_sup_koi,NO_COMMENT,7.12594387,139.00492,2454972.005,0.0,,0.898,3.0014,,192.4,0.01512,0.23879,LS+MCMC,1.79,0.0711,84.02,997.0,233.31,8.62,Claret (2011 A&A 529 75) ATLAS LS,0.0,0.0,0.2676,0.3928,q1_q17_dr25_koi,6.1814723,39.793564,47.1,3,181.0,2.0,q1_q17_dr25_tce,11111111111111111000000000000000,0.7788,Mandel and Agol (2002 ApJ 580 171),,,009/009579/009579641/dv/kplr009579641-20160209194854_dvr.pdf,009/009579/009579641/dv/kplr009579641-002-20160209194854_dvs.pdf,5779.0,4.339,-0.06,1.087,0.941,,q1_q17_dr25_stellar,287.88733,46.276241,12.791,13.111,12.732,12.654,12.648,11.811,11.555,11.503,0.009,19.1924958,46.276037,0.29,-0.73,-6.9e-05,6.1e-05,0.03,0.04,0.06,-0.09,-0.21,0.23
11754553,K00775.01,Kepler-52 c,CONFIRMED,Done,2018-08-16,CANDIDATE,1.0,0,0,0,0,q1_q17_dr25_sup_koi,NO_COMMENT,16.38489988,172.72782,2455005.728,0.0,,0.001,3.0249,,1127.1,0.029758,5.4538,LS+MCMC,2.0,0.1084,90.0,433.0,8.35,42.62,Claret (2011 A&A 529 75) ATLAS LS,0.0,0.0,0.0718,0.6834,q1_q17_dr25_koi,6.419572,28.122635,28.9,3,65.0,2.0,q1_q17_dr25_tce,11111110111011101000000000000000,0.7202,Mandel and Agol (2002 ApJ 580 171),,,011/011754/011754553/dv/kplr011754553-20160209194854_dvr.pdf,011/011754/011754553/dv/kplr011754553-002-20160209194854_dvs.pdf,4126.0,4.661,0.04,0.615,0.633,,q1_q17_dr25_stellar,286.73804,49.97575,15.095,16.328,15.068,14.567,14.305,13.153,12.507,12.36,0.204,19.11585,49.97583,-0.67,0.28,0.0006,-3e-05,0.02,-0.02,0.03,-0.07,0.15,0.17
11754553,K00775.02,Kepler-52 b,CONFIRMED,Done,2018-08-16,CANDIDATE,1.0,0,0,0,0,q1_q17_dr25_sup_koi,NO_COMMENT,7.8774163,176.3759,2455009.376,0.0,,0.041,2.0805,,1306.1,0.03209,8.09685,LS+MCMC,2.16,0.0665,89.92,553.0,22.18,29.84,Claret (2011 A&A 529 75) ATLAS LS,0.0,0.0,0.0718,0.6834,q1_q17_dr25_koi,10.036489,41.450657,38.7,3,135.0,1.0,q1_q17_dr25_tce,11111110111011101000000000000000,0.5008,Mandel and Agol (2002 ApJ 580 171),,,011/011754/011754553/dv/kplr011754553-20160209194854_dvr.pdf,011/011754/011754553/dv/kplr011754553-001-20160209194854_dvs.pdf,4126.0,4.661,0.04,0.615,0.633,,q1_q17_dr25_stellar,286.73804,49.97575,15.095,16.328,15.068,14.567,14.305,13.153,12.507,12.36,0.588,19.1158594,49.975824,-0.34,0.27,0.00032,-2e-05,0.06,-0.03,0.07,-0.02,0.16,0.16
11754553,K00775.03,Kepler-52 d,CONFIRMED,Done,2018-08-16,CANDIDATE,1.0,0,0,0,0,q1_q17_dr25_sup_koi,NO_COMMENT,36.4454001,151.60125,2454984.601,0.0,,0.028,4.007,,1122.3,0.029681,5.21237,LS+MCMC,1.99,0.1847,89.98,332.0,2.88,71.53,Claret (2011 A&A 529 75) ATLAS LS,0.0,0.0,0.0718,0.6834,q1_q17_dr25_koi,5.9903665,19.803268,21.7,3,27.0,3.0,q1_q17_dr25_tce,11111110111011101000000000000000,0.6219,Mandel and Agol (2002 ApJ 580 171),,,011/011754/011754553/dv/kplr011754553-20160209194854_dvr.pdf,011/011754/011754553/dv/kplr011754553-003-20160209194854_dvs.pdf,4126.0,4.661,0.04,0.615,0.633,,q1_q17_dr25_stellar,286.73804,49.97575,15.095,16.328,15.068,14.567,14.305,13.153,12.507,12.36,0.01,19.11587,49.97559,0.04,-0.58,-0.00014,0.00084,-0.01,0.17,0.17,-0.07,0.36,0.36
11812062,K00776.01,Kepler-673 b,CONFIRMED,Done,2018-08-16,CANDIDATE,1.0,0,0,0,0,q1_q17_dr25_sup_koi,NO_COMMENT,3.728732147,171.793255,2455004.793,0.0,,0.558,2.683,,5226.5,0.068178,1.24118,LS+MCMC,6.02,0.0455,86.7,1023.0,258.34,9.7,Claret (2011 A&A 529 75) ATLAS LS,0.0,0.0,0.2396,0.4415,q1_q17_dr25_koi,28.264866,360.1958,345.2,1,357.0,1.0,q1_q17_dr25_tce,11111111111111111000000000000000,0.6769,Mandel and Agol (2002 ApJ 580 171),,,011/011812/011812062/dv/kplr011812062-20160209194854_dvr.pdf,011/011812/011812062/dv/kplr011812062-001-20160209194854_dvs.pdf,5497.0,4.577,-0.1,0.809,0.907,,q1_q17_dr25_stellar,290.78574,50.054119,15.523,16.107,15.461,15.273,15.177,14.179,13.825,13.669,0.0,19.3857191,50.05406,0.083,-0.217,0.00057,-0.00136,-0.072,0.041,0.083,0.033,-0.117,0.122
11853255,K00778.01,Kepler-674 b,CONFIRMED,Done,2018-08-16,CANDIDATE,1.0,0,0,0,0,q1_q17_dr25_sup_koi,CENT_KIC_POS,2.243380573,170.679233,2455003.679,0.0,,0.915,1.1196,,821.7,0.032248,1.50915,LS+MCMC,1.99,0.028,82.88,822.0,107.6,7.38,Claret (2011 A&A 529 75) ATLAS LS,0.0,0.0,0.1171,0.6215,q1_q17_dr25_koi,4.251499,30.578562,38.9,1,472.0,1.0,q1_q17_dr25_tce,11111110111011101000000000000000,0.5576,Mandel and Agol (2002 ApJ 580 171),,,011/011853/011853255/dv/kplr011853255-20160209194854_dvr.pdf,011/011853/011853255/dv/kplr011853255-001-20160209194854_dvs.pdf,4149.0,4.698,-0.32,0.564,0.578,,q1_q17_dr25_stellar,285.17621,50.149818,15.135,16.369,15.11,14.607,14.322,13.213,12.521,12.394,0.0,19.0117449,50.14995,-0.06,0.46,-0.00024,-0.00057,0.19,0.27,0.33,0.05,-0.06,0.08
11918099,K00780.01,Kepler-675 b,CONFIRMED,Done,2018-08-16,CANDIDATE,1.0,0,0,0,0,q1_q17_dr25_sup_koi,NO_COMMENT,2.337437946,171.761982,2455004.762,0.0,,0.28,1.9982,,971.2,0.027998,2.41093,LS+MCMC,2.34,0.0325,88.19,1070.0,311.16,8.86,Claret (2011 A&A 529 75) ATLAS LS,0.0,0.0,0.1496,0.5746,q1_q17_dr25_koi,6.0310416,63.58795,82.4,2,578.0,1.0,q1_q17_dr25_tce,11111111111111111000000000000000,0.6818,Mandel and Agol (2002 ApJ 580 171),,,011/011918/011918099/dv/kplr011918099-20160209194854_dvr.pdf,011/011918/011918099/dv/kplr011918099-001-20160209194854_dvs.pdf,5005.0,4.595,0.14,0.765,0.85,,q1_q17_dr25_stellar,293.83331,50.23035,15.334,16.11,15.283,15.001,14.882,13.81,13.3,13.195,0.0,19.5888925,50.230226,0.16,-0.45,6e-05,0.00045,0.027,0.05,0.061,0.357,0.2,0.41
11923270,K00781.01,Kepler-676 b,CONFIRMED,Done,2018-08-16,CANDIDATE,1.0,0,0,0,0,q1_q17_dr25_sup_koi,CENT_KIC_POS,11.59822233,180.395376,2455013.395,0.0,,0.679,2.5237,,2804.5,0.051287,3.14915,LS+MCMC,2.65,0.0798,88.62,396.0,5.82,28.2,Claret (2011 A&A 529 75) ATLAS LS,0.0,0.0,0.3872,0.3156,q1_q17_dr25_koi,11.461336,62.376225,71.0,1,115.0,1.0,q1_q17_dr25_tce,11111111111111111000000000000000,0.6552,Mandel and Agol (2002 ApJ 580 171),,,011/011923/011923270/dv/kplr011923270-20160209194854_dvr.pdf,011/011923/011923270/dv/kplr011923270-001-20160209194854_dvs.pdf,3688.0,4.79,0.0,0.473,0.503,,q1_q17_dr25_stellar,296.22195,50.28722,15.937,17.501,16.14,15.267,14.795,13.474,12.813,12.628,0.178,19.7481495,50.287475,0.63,0.92,-0.00029,0.0006,0.059,-0.03,0.066,0.29,0.628,0.69
11960862,K00782.01,Kepler-677 b,CONFIRMED,Done,2018-08-16,CANDIDATE,1.0,0,0,0,0,q1_q17_dr25_sup_koi,NO_COMMENT,6.575315881,173.634044,2455006.634,0.0,,0.39,4.3084,,2793.3,0.049152,0.64392,LS+MCMC,5.31,0.067,88.03,1015.0,251.38,11.37,Claret (2011 A&A 529 75) ATLAS LS,0.0,0.0,0.2965,0.3342,q1_q17_dr25_koi,20.537346,210.22159,221.1,1,205.0,1.0,q1_q17_dr25_tce,11111111111111111000000000000000,0.5611,Mandel and Agol (2002 ApJ 580 171),,,011/011960/011960862/dv/kplr011960862-20160209194854_dvr.pdf,011/011960/011960862/dv/kplr011960862-001-20160209194854_dvs.pdf,5992.0,4.415,-0.32,0.989,0.927,,q1_q17_dr25_stellar,290.09805,50.321609,15.312,15.797,15.275,15.104,15.03,14.071,13.793,13.686,0.013,19.3398711,50.321582,0.016,-0.099,0.00044,-7e-05,-0.033,-0.04,0.052,-0.009,-0.181,0.181
12020329,K00783.01,Kepler-678 b,CONFIRMED,Done,2018-08-16,CANDIDATE,1.0,0,0,0,0,q1_q17_dr25_sup_koi,NO_COMMENT,7.275040844,169.994217,2455002.994,0.0,,0.547,7.5377,,3001.0,0.051358,0.10578,LS+MCMC,4.86,0.0732,85.29,833.0,113.64,6.66,Claret (2011 A&A 529 75) ATLAS LS,0.0,0.0,0.224,0.4695,q1_q17_dr25_koi,24.639503,234.95987,312.1,1,188.0,1.0,q1_q17_dr25_tce,11111111111111111000000000000000,0.1322,Mandel and Agol (2002 ApJ 580 171),,,012/012020/012020329/dv/kplr012020329-20160209194854_dvr.pdf,012/012020/012020329/dv/kplr012020329-001-20160209194854_dvs.pdf,5485.0,4.556,0.21,0.867,0.986,,q1_q17_dr25_stellar,295.45529,50.49456,15.08,15.69,14.996,14.819,14.745,13.732,13.402,13.26,0.0,19.6970261,50.49465,0.234,0.323,0.00066,0.00064,-0.054,-0.065,0.085,0.008,-0.134,0.134
12066335,K00784.01,Kepler-231 c,CONFIRMED,Done,2018-08-16,CANDIDATE,1.0,0,0,0,0,q1_q17_dr25_sup_koi,NO_COMMENT,19.27153892,186.77093,2455019.771,0.0,,0.031,2.7594,,1219.8,0.031585,8.48241,LS+MCMC,1.93,0.1171,89.97,393.0,5.66,55.02,Claret (2011 A&A 529 75) ATLAS LS,0.0,0.0,0.2589,0.4639,q1_q17_dr25_koi,6.437265,28.490973,37.1,2,67.0,1.0,q1_q17_dr25_tce,11111111111111111000000000000000,0.8388,Mandel and Agol (2002 ApJ 580 171),,,012/012066/012066335/dv/kplr012066335-20160209194854_dvr.pdf,012/012066/012066335/dv/kplr012066335-001-20160209194854_dvs.pdf,4077.0,4.702,-0.24,0.56,0.576,,q1_q17_dr25_stellar,293.97336,50.53191,15.385,16.618,15.383,14.857,14.592,13.405,12.775,12.589,0.0,19.598247,50.53192,0.78,0.05,-0.00076,0.00145,0.2,-0.17,0.26,0.28,-0.23,0.36
12066335,K00784.02,Kepler-231 b,CONFIRMED,Done,2018-08-16,CANDIDATE,1.0,0,0,0,0,q1_q17_dr25_sup_koi,NO_COMMENT,10.06524317,136.28906,2454969.289,0.0,,0.628,1.369,,1053.3,0.031153,18.09666,LS+MCMC,1.91,0.076,89.22,488.0,13.43,45.9,Claret (2011 A&A 529 75) ATLAS LS,0.0,0.0,0.2589,0.4639,q1_q17_dr25_koi,5.446764,21.658537,30.3,2,126.0,2.0,q1_q17_dr25_tce,11111111111111111000000000000000,0.0088,Mandel and Agol (2002 ApJ 580 171),,,012/012066/012066335/dv/kplr012066335-20160209194854_dvr.pdf,012/012066/012066335/dv/kplr012066335-002-20160209194854_dvs.pdf,4077.0,4.702,-0.24,0.56,0.576,,q1_q17_dr25_stellar,293.97336,50.53191,15.385,16.618,15.383,14.857,14.592,13.405,12.775,12.589,0.0,19.598212,50.53192,-0.42,0.02,0.00053,0.00116,0.11,-0.23,0.25,0.17,-0.23,0.28
12070811,K00785.01,Kepler-679 b,CONFIRMED,Done,2018-08-16,CANDIDATE,1.0,0,0,0,0,q1_q17_dr25_sup_koi,NO_COMMENT,12.3935651,178.74725,2455011.747,0.0,,0.883,3.8896,,916.6,0.032536,0.27483,LS+MCMC,2.66,0.0983,86.13,677.0,49.68,13.07,Claret (2011 A&A 529 75) ATLAS LS,0.0,0.0,0.2665,0.398,q1_q17_dr25_koi,5.6057496,31.608551,35.8,1,107.0,1.0,q1_q17_dr25_tce,11111111111111111000000000000000,0.8571,Mandel and Agol (2002 ApJ 580 171),,,012/012070/012070811/dv/kplr012070811-20160209194854_dvr.pdf,012/012070/012070811/dv/kplr012070811-001-20160209194854_dvs.pdf,5557.0,4.603,-0.4,0.75,0.832,,q1_q17_dr25_stellar,296.02133,50.56778,15.505,16.079,15.474,15.258,15.177,14.196,13.783,13.692,0.758,19.73476,50.56789,0.13,0.39,0.00019,0.00011,-0.17,-0.04,0.17,-0.16,0.09,0.18
10811496,K00753.01,,CANDIDATE,Done,2018-08-16,CANDIDATE,0.0,0,0,0,0,q1_q17_dr25_sup_koi,DEEP_V_SHAPED,19.89913995,175.850252,2455008.85,0.0,,0.969,1.7822,,10829.0,0.154046,7.29555,LS+MCMC,14.6,0.1419,88.96,638.0,39.3,53.5,Claret (2011 A&A 529 75) ATLAS LS,0.0,0.0,0.2711,0.3858,q1_q17_dr25_koi,37.159767,187.4491,76.3,1,56.0,1.0,q1_q17_dr25_tce,11111101110111011000000000000000,0.6624,Mandel and Agol (2002 ApJ 580 171),,,010/010811/010811496/dv/kplr010811496-20160209194854_dvr.pdf,010/010811/010811496/dv/kplr010811496-001-20160209194854_dvs.pdf,5853.0,4.544,-0.18,0.868,0.961,,q1_q17_dr25_stellar,297.00482,48.134129,15.436,15.943,15.39,15.22,15.166,14.254,13.9,13.826,0.278,19.8003207,48.13412,-0.021,-0.038,0.0007,0.0006,-0.025,-0.034,0.042,0.002,-0.027,0.027
11818800,K00777.01,,CANDIDATE,Done,2018-08-16,CANDIDATE,0.999,0,0,0,0,q1_q17_dr25_sup_koi,NO_COMMENT,40.4195037,173.56469,2455006.565,0.0,,0.911,3.362,,6256.0,0.088069,1.89549,LS+MCMC,7.51,0.2062,89.05,467.0,11.29,54.7,Claret (2011 A&A 529 75) ATLAS LS,0.0,0.0,0.2665,0.398,q1_q17_dr25_koi,22.598503,94.071846,36.9,1,36.0,1.0,q1_q17_dr25_tce,11111111111111111000000000000000,0.8482,Mandel and Agol (2002 ApJ 580 171),,,011/011818/011818800/dv/kplr011818800-20160209194854_dvr.pdf,011/011818/011818800/dv/kplr011818800-001-20160209194854_dvs.pdf,5446.0,4.507,-0.54,0.781,0.714,,q1_q17_dr25_stellar,294.31686,50.080231,15.487,16.1,15.463,15.224,15.091,14.029,13.631,13.491,0.027,19.6211267,50.080316,0.09,0.31,0.0006,-0.0011,-0.025,0.051,0.057,-0.049,-0.021,0.053
11918099,K00780.02,,CANDIDATE,Done,2018-08-16,CANDIDATE,0.993,0,0,0,0,q1_q17_dr25_sup_koi,NO_COMMENT,7.2406612,137.75545,2454970.755,0.0,,1.198,0.558,,556.4,0.232818,8.66412,LS+MCMC,19.45,0.0692,87.62,734.0,68.63,28.8,Claret (2011 A&A 529 75) ATLAS LS,0.0,0.0,0.1496,0.5746,q1_q17_dr25_koi,3.2751372,9.1666,13.7,2,168.0,2.0,q1_q17_dr25_tce,11111111111111111000000000000000,0.4049,Mandel and Agol (2002 ApJ 580 171),,,011/011918/011918099/dv/kplr011918099-20160209194854_dvr.pdf,011/011918/011918099/dv/kplr011918099-002-20160209194854_dvs.pdf,5005.0,4.595,0.14,0.765,0.85,,q1_q17_dr25_stellar,293.83331,50.23035,15.334,16.11,15.283,15.001,14.882,13.81,13.3,13.195,0.058,19.588885,50.22996,-0.1,-1.4,0.00016,0.00075,-0.51,-0.49,0.71,0.08,-0.38,0.39
9579641,K00115.03,,CANDIDATE,Done,2018-08-16,CANDIDATE,0.871,0,0,0,0,q1_q17_dr25_sup_koi,NO_COMMENT,3.43591631,132.6624,2454965.662,0.0,,0.624,3.133,,23.2,0.004612,0.47024,LS+MCMC,0.55,0.0437,84.62,1272.0,617.61,6.65,Claret (2011 A&A 529 75) ATLAS LS,0.0,0.0,0.2676,0.3928,q1_q17_dr25_koi,3.8943021,7.4337807,8.7,3,357.0,3.0,q1_q17_dr25_tce,11111111111111111000000000000000,0.0228,Mandel and Agol (2002 ApJ 580 171),,,009/009579/009579641/dv/kplr009579641-20160209194854_dvr.pdf,009/009579/009579641/dv/kplr009579641-003-20160209194854_dvs.pdf,5779.0,4.339,-0.06,1.087,0.941,,q1_q17_dr25_stellar,287.88733,46.276241,12.791,13.111,12.732,12.654,12.648,11.811,11.555,11.503,0.858,19.192473,46.27616,-0.6,-0.3,1.2e-05,-3e-06,0.01,-0.05,0.05,-0.11,-0.3,0.3
3115833,K00797.01,,CANDIDATE,Done,2018-08-16,CANDIDATE,1.0,0,0,0,0,q1_q17_dr25_sup_koi,NO_COMMENT,10.181584004,177.141891,2455010.142,0.0,,0.92,3.5089,,5741.1,0.084708,0.38059,LS+MCMC,7.73,0.0884,85.87,812.0,102.91,12.776,Claret (2011 A&A 529 75) ATLAS LS,0.0,0.0,0.2979,0.3238,q1_q17_dr25_koi,27.099031,173.09894,183.6,1,129.0,1.0,q1_q17_dr25_tce,01111111111111111000000000000000,0.5397,Mandel and Agol (2002 ApJ 580 171),,,003/003115/003115833/dv/kplr003115833-20160209194854_dvr.pdf,003/003115/003115833/dv/kplr003115833-001-20160209194854_dvs.pdf,5988.0,4.541,-0.52,0.836,0.885,,q1_q17_dr25_stellar,291.28195,38.241669,15.657,16.162,15.621,15.441,15.32,14.408,14.036,13.939,0.021,19.4187924,38.241643,-0.151,-0.099,0.0008,-0.0003,0.004,0.008,0.009,-0.062,0.06,0.087
3453214,K00802.01,,CANDIDATE,Done,2018-08-16,CANDIDATE,1.0,0,0,0,0,q1_q17_dr25_sup_koi,CENT_KIC_POS,19.620346923,181.881819,2455014.882,0.0,,0.458,2.0038,,21725.0,0.137595,23.21659,LS+MCMC,13.6,0.1389,89.66,643.0,40.39,77.9,Claret (2011 A&A 529 75) ATLAS LS,0.0,0.0,0.2676,0.3928,q1_q17_dr25_koi,73.60154,353.8584,340.5,1,52.0,1.0,q1_q17_dr25_tce,11111011101110111000000000000000,0.3063,Mandel and Agol (2002 ApJ 580 171),,,003/003453/003453214/dv/kplr003453214-20160209194854_dvr.pdf,003/003453/003453214/dv/kplr003453214-001-20160209194854_dvs.pdf,5710.0,4.492,-0.1,0.905,0.928,,q1_q17_dr25_stellar,293.81619,38.563568,15.562,16.07,15.519,15.344,15.269,14.364,13.996,13.894,0.0,19.58774067,38.5634145,-0.225,-0.56,-0.0108,-0.0133,0.656,0.634,0.913,0.056,0.057,0.08
4544670,K00815.01,,CANDIDATE,Done,2018-08-16,CANDIDATE,1.0,0,0,0,0,q1_q17_dr25_sup_koi,NO_COMMENT,34.84398644,172.633252,2455005.633,0.0,,0.934,2.9315,,4523.6,0.080046,1.86832,LS+MCMC,7.61,0.1971,88.92,511.0,16.1,49.31,Claret (2011 A&A 529 75) ATLAS LS,0.0,0.0,0.2434,0.4341,q1_q17_dr25_koi,15.928789,75.6448,76.8,1,40.0,1.0,q1_q17_dr25_tce,11111111111111111000000000000000,0.1475,Mandel and Agol (2002 ApJ 580 171),,,004/004544/004544670/dv/kplr004544670-20160209194854_dvr.pdf,004/004544/004544670/dv/kplr004544670-001-20160209194854_dvs.pdf,5509.0,4.482,-0.16,0.871,0.84,,q1_q17_dr25_stellar,285.92001,39.624828,15.684,16.307,15.646,15.417,15.322,14.363,13.96,13.875,0.13,19.061339,39.624775,0.24,-0.2,-0.0012,-0.0001,0.074,0.004,0.074,-0.003,-0.271,0.271
4936180,K00820.01,,CANDIDATE,Done,2018-08-16,CANDIDATE,0.0,0,0,0,0,q1_q17_dr25_sup_koi,DEEP_V_SHAPED,4.64090031,173.64638,2455006.646,0.0,,1.28,35.512,,2450.6,0.333559,0.00218,LS+MCMC,30.09,0.0503,19.01,1155.0,421.08,1.354,Claret (2011 A&A 529 75) ATLAS LS,0.0,0.0,0.3,0.2852,q1_q17_dr25_koi,14.098484,135.01852,296.9,1,227.0,1.0,q1_q17_dr25_tce,11111011101110111000000000000000,0.9095,Mandel and Agol (2002 ApJ 580 171),,,004/004936/004936180/dv/kplr004936180-20160209194854_dvr.pdf,004/004936/004936180/dv/kplr004936180-001-20160209194854_dvs.pdf,6463.0,4.5,-1.66,0.826,0.786,,q1_q17_dr25_stellar,295.11371,40.071171,15.27,15.662,15.249,15.102,15.046,14.224,13.954,13.785,0.029,19.674246,40.071187,-0.05,0.06,-9e-05,0.00051,0.007,-0.098,0.098,-0.073,-0.103,0.126
5115978,K00823.01,,CANDIDATE,Done,2018-08-16,CANDIDATE,,0,0,0,0,q1_q17_dr25_sup_koi,,1.028436523,170.228582,2455003.229,0.0,,1.5734,1.8606,,8098.0,0.673134,0.43236,MCMC,72.77,0.0197,57.3,1947.0,3400.48,2.891,Claret (2011 A&A 529 75) ATLAS LS,0.0,0.0,0.303,0.3107,q1_q16_koi,,,89.6,1,,,,,,Mandel and Agol (2002 ApJ 580 171),,,,,6228.0,4.428,-0.44,0.99,0.959,,stellar_q1_q16,296.00699,40.295429,15.202,15.662,15.167,15.005,14.892,14.019,13.702,13.598,,,,,,,,,,,,,
6867155,K00868.01,,CANDIDATE,Done,2018-08-16,CANDIDATE,0.998,0,0,0,0,q1_q17_dr25_sup_koi,NO_COMMENT,235.9986399,208.399822,2455041.4,0.0,,0.778,8.2284,,20715.0,0.14756,2.14449,LS+MCMC,10.59,0.6534,89.76,188.0,0.29,184.83,Claret (2011 A&A 529 75) ATLAS LS,0.0,0.0,0.0563,0.7032,q1_q17_dr25_koi,157.44649,311.33582,271.8,1,6.0,1.0,q1_q17_dr25_tce,11111111111111111000000000000000,0.637,Mandel and Agol (2002 ApJ 580 171),,,006/006867/006867155/dv/kplr006867155-20160209194854_dvr.pdf,006/006867/006867155/dv/kplr006867155-001-20160209194854_dvs.pdf,4245.0,4.627,0.12,0.657,0.666,,q1_q17_dr25_stellar,293.00797,42.307201,15.172,16.343,15.122,14.67,14.421,13.251,12.678,12.515,0.0,19.5338684,42.307216,0.148,0.059,-0.0041,0.0,0.051,-0.022,0.056,0.115,-0.045,0.123
6526710,K00856.01,,CANDIDATE,Done,2018-08-16,CANDIDATE,0.994,0,0,0,0,q1_q17_dr25_sup_koi,NO_COMMENT,39.74893077,172.854644,2455005.855,0.0,,0.881,7.3051,,15179.0,0.134949,0.31474,LS+MCMC,14.21,0.2311,88.3,552.0,21.87,29.734,Claret (2011 A&A 529 75) ATLAS LS,0.0,0.0,0.2916,0.3447,q1_q17_dr25_koi,123.3638,505.17914,561.1,1,34.0,1.0,q1_q17_dr25_tce,11111111111111111000000000000000,0.255,Mandel and Agol (2002 ApJ 580 171),,,006/006526/006526710/dv/kplr006526710-20160209194854_dvr.pdf,006/006526/006526710/dv/kplr006526710-001-20160209194854_dvs.pdf,6122.0,4.487,-0.18,0.964,1.041,,q1_q17_dr25_stellar,293.17929,41.969238,15.344,15.804,15.287,15.147,15.06,14.131,13.824,13.767,0.0,19.54528636,41.9692414,0.015,0.005,-0.0049,0.0017,0.119,-0.07,0.138,0.062,0.024,0.067
6599919,K00858.01,,CANDIDATE,Done,2018-08-16,CANDIDATE,0.0,0,0,0,0,q1_q17_dr25_sup_koi,DEEP_V_SHAPED,13.61014819,173.987319,2455006.987,0.0,,1.081,2.594,,5732.9,0.192842,0.84633,LS+MCMC,19.02,0.1061,86.94,733.0,68.29,20.24,Claret (2011 A&A 529 75) ATLAS LS,0.0,0.0,0.2787,0.3728,q1_q17_dr25_koi,36.547604,209.14677,184.1,1,101.0,1.0,q1_q17_dr25_tce,11111111111111111000000000000000,0.9953,Mandel and Agol (2002 ApJ 580 171),,,006/006599/006599919/dv/kplr006599919-20160209194854_dvr.pdf,006/006599/006599919/dv/kplr006599919-001-20160209194854_dvs.pdf,5697.0,4.46,-0.26,0.903,0.857,,q1_q17_dr25_stellar,289.89777,42.009151,15.06,15.607,14.999,14.825,14.697,13.702,13.307,13.245,0.015,19.3265228,42.009183,0.191,0.118,-0.00066,0.00021,0.056,-0.045,0.072,0.139,0.08,0.16
6862328,K00865.01,,CANDIDATE,Done,2018-08-16,CANDIDATE,1.0,0,0,0,0,q1_q17_dr25_sup_koi,CENT_KIC_POS,119.0207044,222.236492,2455055.236,0.0,,0.076,8.1405,,7430.5,0.077431,2.31024,LS+MCMC,8.98,0.4582,89.96,366.0,4.25,120.05,Claret (2011 A&A 529 75) ATLAS LS,0.0,0.0,0.224,0.4695,q1_q17_dr25_koi,63.25567,165.9875,223.5,1,11.0,1.0,q1_q17_dr25_tce,11111111111111111000000000000000,0.0001,Mandel and Agol (2002 ApJ 580 171),,,006/006862/006862328/dv/kplr006862328-20160209194854_dvr.pdf,006/006862/006862328/dv/kplr006862328-001-20160209194854_dvs.pdf,5453.0,4.342,0.16,1.062,0.904,,q1_q17_dr25_stellar,291.58377,42.36816,15.085,15.601,15.024,14.864,14.78,13.858,13.476,13.398,0.0,19.4389289,42.368062,0.407,-0.351,0.0043,-0.0041,-1.52,1.7,2.28,0.002,-0.078,0.078
7031517,K00871.01,,CANDIDATE,Done,2018-08-16,CANDIDATE,0.0,0,0,0,0,q1_q17_dr25_sup_koi,DEEP_V_SHAPED,12.940668656,179.423014,2455012.423,0.0,,0.897,2.4845,,42450.0,0.259639,4.93266,LS+MCMC,22.94,0.1039,88.54,723.0,64.64,35.21,Claret (2011 A&A 529 75) ATLAS LS,0.0,0.0,0.2865,0.3556,q1_q17_dr25_koi,209.9436,1375.2338,307.5,1,100.0,1.0,q1_q17_dr25_tce,11111111111111111000000000000000,0.8178,Mandel and Agol (2002 ApJ 580 171),,,007/007031/007031517/dv/kplr007031517-20160209194854_dvr.pdf,007/007031/007031517/dv/kplr007031517-001-20160209194854_dvs.pdf,5875.0,4.572,-0.42,0.809,0.895,,q1_q17_dr25_stellar,291.11969,42.507069,15.215,15.674,15.167,15.018,14.948,14.079,13.715,13.633,0.0,19.40797301,42.5070417,-0.2503,-0.1019,-0.0016,0.0021,-0.002,-0.009,0.009,-0.143,-0.117,0.185
7380537,K00883.01,,CANDIDATE,Done,2018-08-16,CANDIDATE,0.997,0,0,0,0,q1_q17_dr25_sup_koi,CENT_KIC_POS,2.688899233,170.1020904,2455003.102,0.0,,0.001,2.11275,,37492.0,0.172543,3.89722,LS+MCMC,12.04,0.0335,90.0,929.0,175.76,11.4204,Claret (2011 A&A 529 75) ATLAS LS,0.0,0.0,0.1392,0.5856,q1_q17_dr25_koi,120.20046,1777.0094,1011.6,1,499.0,1.0,q1_q17_dr25_tce,11111111111111111000000000000000,0.0001,Mandel and Agol (2002 ApJ 580 171),,,007/007380/007380537/dv/kplr007380537-20160209194854_dvr.pdf,007/007380/007380537/dv/kplr007380537-001-20160209194854_dvs.pdf,4820.0,4.667,-0.4,0.639,0.699,,q1_q17_dr25_stellar,296.68307,42.967869,15.766,16.587,15.72,15.414,15.22,14.178,13.631,13.522,0.0,19.77888413,42.9680077,0.5305,0.4959,0.0296,0.0273,-1.13,-1.08,1.56,0.115,0.098,0.151
8013419,K00901.01,,CANDIDATE,Done,2018-08-16,CANDIDATE,1.0,0,0,0,0,q1_q17_dr25_sup_koi,NO_COMMENT,12.732624065,176.939054,2455009.939,0.0,,0.811,2.2083,,6465.7,0.082519,3.68779,LS+MCMC,4.87,0.0881,88.53,432.0,8.22,31.62,Claret (2011 A&A 529 75) ATLAS LS,0.0,0.0,0.2238,0.5081,q1_q17_dr25_koi,34.47275,209.49731,210.5,1,110.0,1.0,q1_q17_dr25_tce,11111111111111111000000000000000,0.6031,Mandel and Agol (2002 ApJ 580 171),,,008/008013/008013419/dv/kplr008013419-20160209194854_dvr.pdf,008/008013/008013419/dv/kplr008013419-001-20160209194854_dvs.pdf,3950.0,4.721,-0.14,0.541,0.563,,q1_q17_dr25_stellar,285.16748,43.876339,15.75,16.872,15.715,15.269,15.028,13.909,13.326,13.182,0.216,19.0111579,43.876323,-0.314,-0.061,0.00059,-0.0002,-0.019,-0.007,0.02,-0.206,-0.065,0.216
8018547,K00902.01,,CANDIDATE,Done,2018-08-16,CANDIDATE,0.966,0,0,0,0,q1_q17_dr25_sup_koi,NO_COMMENT,83.92494032,236.76334,2455069.763,0.0,,0.658,6.7904,,7958.7,0.086015,1.45972,LS+MCMC,4.78,0.3031,89.54,226.0,0.62,81.6,Claret (2011 A&A 529 75) ATLAS LS,0.0,0.0,0.2887,0.4242,q1_q17_dr25_koi,43.030296,121.1208,182.1,1,18.0,1.0,q1_q17_dr25_tce,11111111111111111000000000000000,0.3486,Mandel and Agol (2002 ApJ 580 171),,,008/008018/008018547/dv/kplr008018547-20160209194854_dvr.pdf,008/008018/008018547/dv/kplr008018547-001-20160209194854_dvs.pdf,3960.0,4.746,-0.36,0.509,0.526,,q1_q17_dr25_stellar,287.85239,43.897991,15.754,16.789,15.679,15.311,15.116,14.0,13.359,13.215,0.0,19.1901626,43.898097,0.127,0.384,0.004,0.0002,-0.094,-0.02,0.096,-0.03,0.176,0.178
8552202,K00914.01,,CANDIDATE,Done,2018-08-16,CANDIDATE,1.0,0,0,0,0,q1_q17_dr25_sup_koi,CENT_KIC_POS,3.886655224,169.73814,2455002.738,0.0,,0.649,3.1646,,581.6,0.023262,0.52154,LS+MCMC,1.87,0.0451,85.02,1010.0,246.29,7.47,Claret (2011 A&A 529 75) ATLAS LS,0.0,0.0,0.2865,0.3556,q1_q17_dr25_koi,5.37064,41.233078,48.1,1,343.0,1.0,q1_q17_dr25_tce,11111111111111111000000000000000,0.0989,Mandel and Agol (2002 ApJ 580 171),,,008/008552/008552202/dv/kplr008552202-20160209194854_dvr.pdf,008/008552/008552202/dv/kplr008552202-001-20160209194854_dvs.pdf,5662.0,4.61,-0.54,0.738,0.813,,q1_q17_dr25_stellar,288.72665,44.60751,15.371,15.88,15.329,15.153,15.075,14.153,13.764,13.648,0.0,19.2484399,44.607207,-0.13,-1.09,-0.000119,-0.00047,0.41,1.72,1.77,0.04,-0.22,0.23
9140402,K00928.01,,CANDIDATE,Done,2018-08-16,CANDIDATE,1.0,0,0,0,0,q1_q17_dr25_sup_koi,NO_COMMENT,2.494170338,170.852848,2455003.853,0.0,,0.095,1.1221,,863.7,0.026777,15.93621,LS+MCMC,2.42,0.0351,89.69,1194.0,480.19,17.37,Claret (2011 A&A 529 75) ATLAS LS,0.0,0.0,0.2396,0.4415,q1_q17_dr25_koi,5.3565664,37.2115,69.2,1,535.0,1.0,q1_q17_dr25_tce,11111111111111111000000000000000,0.3378,Mandel and Agol (2002 ApJ 580 171),,,009/009140/009140402/dv/kplr009140402-20160209194854_dvr.pdf,009/009140/009140402/dv/kplr009140402-001-20160209194854_dvs.pdf,5569.0,4.566,-0.08,0.829,0.928,,q1_q17_dr25_stellar,284.75943,45.599129,15.251,15.793,15.211,15.019,14.929,13.945,13.542,13.589,0.064,18.9839442,45.599007,-0.67,-0.44,0.00028,4e-05,-0.04,0.033,0.05,-0.1,-0.25,0.26
8951215,K00924.01,,CANDIDATE,Done,2018-08-16,CANDIDATE,1.0,0,0,0,0,q1_q17_dr25_sup_koi,NO_COMMENT,39.4759093,173.31207,2455006.312,0.0,,0.938,2.968,,1012.6,0.036074,1.08697,LS+MCMC,4.06,0.2338,88.8,577.0,26.13,44.7,Claret (2011 A&A 529 75) ATLAS LS,0.0,0.0,0.302,0.319,q1_q17_dr25_koi,5.456901,20.340858,26.6,1,34.0,1.0,q1_q17_dr25_tce,11111111111111111000000000000000,0.8332,Mandel and Agol (2002 ApJ 580 171),,,008/008951/008951215/dv/kplr008951215-20160209194854_dvr.pdf,008/008951/008951215/dv/kplr008951215-001-20160209194854_dvs.pdf,6225.0,4.45,-0.12,1.031,1.091,,q1_q17_dr25_stellar,291.20804,45.244389,15.229,15.656,15.17,15.045,14.986,14.062,13.769,13.713,0.555,19.413864,45.2444,-0.23,0.04,0.00041,0.00015,-0.07,0.05,0.09,0.03,0.14,0.14
9347899,K00935.04,,CANDIDATE,Done,2018-08-16,CANDIDATE,0.975,0,0,0,0,q1_q17_dr25_sup_koi,NO_COMMENT,9.61731426,142.47479,2454975.475,0.0,,0.331,3.8692,,234.0,0.01416,1.2355,LS+MCMC,1.94,0.0873,88.96,1010.0,246.13,18.21,Claret (2011 A&A 529 75) ATLAS LS,0.0,0.0,0.2949,0.3354,q1_q17_dr25_koi,2.9420934,7.8495355,18.2,4,137.0,4.0,q1_q17_dr25_tce,11111111111111111000000000000000,0.8716,Mandel and Agol (2002 ApJ 580 171),,,009/009347/009347899/dv/kplr009347899-20160209194854_dvr.pdf,009/009347/009347899/dv/kplr009347899-004-20160209194854_dvs.pdf,6035.0,4.22,-0.28,1.257,0.958,,q1_q17_dr25_stellar,294.02301,45.853081,15.237,15.592,15.199,15.086,15.071,14.233,13.984,13.871,0.33,19.601563,45.85324,1.1,0.6,-0.00016,-9e-05,-0.92,2.6,2.8,-0.92,2.65,2.8
2860866,K01103.01,,CANDIDATE,Done,2018-08-16,CANDIDATE,1.0,0,0,0,0,q1_q17_dr25_sup_koi,NO_COMMENT,90.1240507,356.23415,2455189.234,0.0,,0.698,11.649,,3020.3,0.053684,0.23661,LS+MCMC,7.12,0.427,89.14,485.0,13.09,46.7,Claret (2011 A&A 529 75) ATLAS LS,0.0,0.0,0.3138,0.2998,q1_q17_dr25_koi,18.799704,49.1015,57.9,1,13.0,1.0,q1_q17_dr25_tce,00011111111111111000000000000000,0.0,Mandel and Agol (2002 ApJ 580 171),,,002/002860/002860866/dv/kplr002860866-20160209194854_dvr.pdf,002/002860/002860866/dv/kplr002860866-001-20160209194854_dvs.pdf,6520.0,4.375,0.07,1.215,1.279,,q1_q17_dr25_stellar,293.22391,38.033581,14.96,15.395,14.892,14.774,14.822,13.968,13.698,13.593,0.0,19.5482227,38.033614,-1.59,0.121,-0.002,0.00089,0.067,-0.11,0.13,-0.15,0.23,0.27
10460629,K01168.01,,CANDIDATE,Done,2018-08-16,CANDIDATE,,0,0,0,0,q1_q17_dr25_sup_koi,,856.672115,228.44988,2455061.45,0.0,,0.1158,23.144,,858.1,0.027062,0.61949,MCMC,3.87,1.8045,89.95,242.0,0.81,288.6,Claret (2011 A&A 529 75) ATLAS LS,0.0,0.0,0.3082,0.2905,q1_q16_koi,,,39.2,1,,,,,,Mandel and Agol (2002 ApJ 580 171),,,,,6449.0,4.232,-0.32,1.309,1.063,,stellar_q1_q16,287.58679,47.600021,13.997,14.339,13.96,13.851,13.834,12.923,12.672,12.595,,,,,,,,,,,,,
10319385,K01169.01,,CANDIDATE,Done,2018-08-16,CANDIDATE,1.0,0,0,0,0,q1_q17_dr25_sup_koi,NO_COMMENT,0.689210173,133.28584,2454966.286,0.0,,0.154,1.6169,,195.0,0.012649,1.45015,LS+MCMC,1.32,0.0156,87.33,1943.0,3362.71,3.315,Claret (2011 A&A 529 75) ATLAS LS,0.0,0.0,0.2514,0.4282,q1_q17_dr25_koi,4.6458826,22.914194,93.4,1,1945.0,1.0,q1_q17_dr25_tce,11111111111111111000000000000000,0.848,Mandel and Agol (2002 ApJ 580 171),,,010/010319/010319385/dv/kplr010319385-20160209194854_dvr.pdf,010/010319/010319385/dv/kplr010319385-001-20160209194854_dvs.pdf,5630.0,4.505,0.36,0.954,1.064,,q1_q17_dr25_stellar,281.55118,47.469959,13.248,13.661,13.175,13.071,13.01,12.103,11.768,11.715,0.143,18.770059,47.46992,-0.69,-0.15,5e-05,1.7e-05,-0.06,-0.04,0.07,-0.07,0.06,0.1
11502218,K00970.01,,CANDIDATE,Done,2018-08-16,CANDIDATE,0.0,0,0,0,0,q1_q17_dr25_sup_koi,PLANET_IN_STAR---MOD_SEC_ALT---HAS_SEC_TCE---CENT_SATURATED,3.9886021,171.01852,2455004.019,0.0,,0.06,1.7376,,673.5,0.023067,6.8428,LS+MCMC,34.39,0.0622,89.81,3145.0,23135.72,17.92,Claret (2011 A&A 529 75) ATLAS LS,0.0,0.0,0.1392,0.594,q1_q17_dr25_koi,8.7045,52.55095,37.1,1,335.0,1.0,q1_q17_dr25_tce,11111111111111111000000000000000,0.7696,Mandel and Agol (2002 ApJ 580 171),,,011/011502/011502218/dv/kplr011502218-20160209194854_dvr.pdf,011/011502/011502218/dv/kplr011502218-001-20160209194854_dvs.pdf,4813.0,2.472,-0.22,13.652,2.016,,q1_q17_dr25_stellar,289.09323,49.424484,6.974,8.261,7.227,,,5.393,4.854,4.718,0.0,19.273107,49.42199,7.9,-9.0,-0.00289,0.00364,-11.3,18.7,21.9,-18.6,34.0,38.8
11180361,K00971.01,,CANDIDATE,Done,2018-08-16,CANDIDATE,1.0,0,0,0,0,q1_q17_dr25_sup_koi,PLANET_IN_STAR---CENT_SATURATED,0.533059312,171.2274419,2455004.227,0.0,,1.263,1.8621,,1495.8,0.301918,0.20416,LS,133.56,0.0167,29.64,5862.0,277887.7,1.452852,Claret (2011 A&A 529 75) ATLAS LS,0.0,0.0,0.2809,0.2642,q1_q17_dr25_koi,22.87552,13.460673,179.6,1,2003.0,1.0,q1_q17_dr25_tce,11111110111011101000000000000000,0.6362,Mandel and Agol (2002 ApJ 580 171),,,011/011180/011180361/dv/kplr011180361-20160209194854_dvr.pdf,011/011180/011180361/dv/kplr011180361-001-20160209194854_dvs.pdf,8523.0,3.559,-0.5,4.051,2.166,,q1_q17_dr25_stellar,286.0192,48.866741,7.748,7.628,7.789,7.935,8.034,7.388,7.343,7.355,0.0,19.0678934,48.86693,-1.89,0.68,0.000122,6.1e-05,7.6,-3.7,8.4,9.7,-7.2,12.1
10287723,K01174.01,,CANDIDATE,Done,2018-08-16,CANDIDATE,,0,0,0,0,q1_q17_dr25_sup_koi,,129995.7784,393.59962,2455226.6,0.0,,0.7127,9.408,,1474.9,0.037707,564.89948,MCMC,2.99,44.9892,89.95,25.0,0.0,79614.0,Claret (2011 A&A 529 75) ATLAS LS,0.0,0.0,0.0625,0.6915,q1_q16_koi,,,35.7,1,,,,,,Mandel and Agol (2002 ApJ 580 171),,,,,4500.0,4.572,0.2,0.726,0.717,,stellar_q1_q16,296.82162,47.354031,13.447,14.498,13.406,12.997,12.712,11.607,10.972,10.843,,,,,,,,,,,,,
11013201,K00972.01,,CANDIDATE,Done,2018-08-16,CANDIDATE,0.632,0,0,0,0,q1_q17_dr25_sup_koi,CENT_SATURATED,13.118962443,261.539434,2455094.539,0.0,,0.042,4.3045,,372.2,0.017826,1.46058,LS+MCMC,8.25,0.1376,89.9,1768.0,2310.43,23.6858,Claret (2011 A&A 529 75) ATLAS LS,0.0,0.0,0.2369,0.3715,q1_q17_dr25_koi,25.880836,182.40976,267.4,2,103.0,1.0,q1_q17_dr25_tce,11111111111111111000000000000000,0.8905,Mandel and Agol (2002 ApJ 580 171),,,011/011013/011013201/dv/kplr011013201-20160209194854_dvr.pdf,011/011013/011013201/dv/kplr011013201-001-20160209194854_dvs.pdf,7221.0,3.488,-0.18,4.24,2.018,,q1_q17_dr25_stellar,282.00031,48.542221,9.275,9.265,9.278,9.392,9.493,8.816,8.765,8.736,,18.8000076,48.542446,-0.49,0.81,0.000238,,-3.41,3.9,5.2,-3.21,4.3,5.4
11013201,K00972.02,,CANDIDATE,Done,2018-08-16,CANDIDATE,0.0,0,0,0,0,q1_q17_dr25_sup_koi,LPP_ALT---CENT_SATURATED,7.82187328,123.49907,2454956.499,0.0,,0.005,3.8417,,42.2,0.006005,1.18707,LS+MCMC,2.78,0.0975,89.98,2101.0,4601.71,15.658,Claret (2011 A&A 529 75) ATLAS LS,0.0,0.0,0.2369,0.3715,q1_q17_dr25_koi,11.118767,20.88297,37.2,2,166.0,2.0,q1_q17_dr25_tce,11111111111111111000000000000000,0.8888,Mandel and Agol (2002 ApJ 580 171),,,011/011013/011013201/dv/kplr011013201-20160209194854_dvr.pdf,011/011013/011013201/dv/kplr011013201-002-20160209194854_dvs.pdf,7221.0,3.488,-0.18,4.24,2.018,,q1_q17_dr25_stellar,282.00031,48.542221,9.275,9.265,9.278,9.392,9.493,8.816,8.765,8.736,,18.800049,48.54236,1.0,0.5,-2.6e-05,,-2.6,2.8,3.9,-4.7,3.0,5.6
9414417,K00974.01,,CANDIDATE,Done,2018-08-16,CANDIDATE,0.999,0,0,0,0,q1_q17_dr25_sup_koi,CENT_SATURATED,53.5057611,172.98304,2455005.983,0.0,,0.46,10.5616,,195.6,0.013111,0.28176,LS+MCMC,2.52,0.2934,89.25,675.0,49.16,34.9,Claret (2011 A&A 529 75) ATLAS LS,0.0,0.0,0.303,0.3166,q1_q17_dr25_koi,9.983454,40.118782,71.2,1,26.0,1.0,q1_q17_dr25_tce,11111111111111111000000000000000,0.6507,Mandel and Agol (2002 ApJ 580 171),,,009/009414/009414417/dv/kplr009414417-20160209194854_dvr.pdf,009/009414/009414417/dv/kplr009414417-001-20160209194854_dvs.pdf,6247.0,4.016,-0.12,1.762,1.174,,q1_q17_dr25_stellar,295.80267,45.988079,9.582,9.862,9.518,9.462,9.487,8.661,8.457,8.407,0.0,19.7202344,45.988357,2.09,1.0,-0.000167,-0.00014,2.31,1.1,2.57,1.3,0.99,1.7
2307199,K00151.01,,CANDIDATE,Done,2018-08-16,CANDIDATE,0.752,0,0,0,0,q1_q17_dr25_sup_koi,NO_COMMENT,13.4471791,132.830555,2454965.831,0.0,,0.963,3.0454,,1428.2,0.046114,0.27583,LS+MCMC,5.24,0.1109,86.0,848.0,122.34,13.815,Claret (2011 A&A 529 75) ATLAS LS,0.0,0.0,0.3058,0.3071,q1_q17_dr25_koi,16.016148,101.02754,105.3,1,100.0,1.0,q1_q17_dr25_tce,11111111111111111000000000000000,0.4334,Mandel and Agol (2002 ApJ 580 171),,,002/002307/002307199/dv/kplr002307199-20160209194854_dvr.pdf,002/002307/002307199/dv/kplr002307199-001-20160209194854_dvs.pdf,6276.0,4.405,-0.32,1.041,1.001,,q1_q17_dr25_stellar,292.37476,37.630959,14.0,14.391,13.952,13.832,13.76,12.891,12.605,12.554,0.006,19.4916534,37.630755,0.09,-0.74,9e-05,0.00037,0.04,-0.24,0.24,0.06,-0.14,0.15
2853446,K01118.01,,CANDIDATE,Done,2018-08-16,CANDIDATE,1.0,0,0,0,0,q1_q17_dr25_sup_koi,NO_COMMENT,7.37290344,137.60991,2454970.61,0.0,,0.993,2.172,,205.2,0.022864,0.09167,LS+MCMC,2.67,0.0737,81.09,1004.0,240.11,6.41,Claret (2011 A&A 529 75) ATLAS LS,0.0,0.0,0.2889,0.3511,q1_q17_dr25_koi,3.7864234,16.037548,19.1,1,180.0,1.0,q1_q17_dr25_tce,11111111111111111000000000000000,0.7859,Mandel and Agol (2002 ApJ 580 171),,,002/002853/002853446/dv/kplr002853446-20160209194854_dvr.pdf,002/002853/002853446/dv/kplr002853446-001-20160209194854_dvs.pdf,5973.0,4.371,-0.14,1.07,0.982,,q1_q17_dr25_stellar,291.65097,38.028179,13.835,14.216,13.785,13.672,13.591,12.761,12.484,12.43,0.0,19.443402,38.02849,0.13,1.13,-7e-05,-0.00031,-0.1,0.0,0.1,-0.2,0.3,0.4
3942446,K01193.01,,CANDIDATE,Done,2018-08-16,CANDIDATE,1.0,0,0,0,0,q1_q17_dr25_sup_koi,NO_COMMENT,119.0624882,149.22223,2454982.222,0.0,,0.968,3.1188,,5372.3,0.103475,4.92398,LS+MCMC,10.4,0.4328,89.64,366.0,4.26,154.5,Claret (2011 A&A 529 75) ATLAS LS,0.0,0.0,0.2865,0.3556,q1_q17_dr25_koi,24.319216,71.34807,71.6,1,13.0,1.0,q1_q17_dr25_tce,11111111111111111000000000000000,0.2035,Mandel and Agol (2002 ApJ 580 171),,,003/003942/003942446/dv/kplr003942446-20160209194854_dvr.pdf,003/003942/003942446/dv/kplr003942446-001-20160209194854_dvs.pdf,5697.0,4.392,-0.52,0.92,0.76,,q1_q17_dr25_stellar,287.88812,39.078709,15.289,15.851,15.26,15.048,14.937,14.03,13.607,13.532,0.798,19.1925378,39.078663,-0.18,-0.17,0.0004,0.0002,0.12,-0.04,0.12,0.108,-0.04,0.115
3554031,K01194.02,,CANDIDATE,Done,2018-08-16,CANDIDATE,0.0,0,0,0,0,q1_q17_dr25_sup_koi,CENT_RESOLVED_OFFSET---HALO_GHOST,14.8623076,354.57297,2455187.573,0.0,,0.324,3.161,,840.0,0.025982,3.66619,LS+MCMC,1.57,0.0993,89.47,454.0,10.08,34.98,Claret (2011 A&A 529 75) ATLAS LS,0.0,0.0,0.1496,0.5738,q1_q17_dr25_koi,3.7422206,10.898724,14.4,3,57.0,3.0,q1_q17_dr25_tce,00011011101110111000000000000000,0.2071,Mandel and Agol (2002 ApJ 580 171),,,003/003554/003554031/dv/kplr003554031-20160209194854_dvr.pdf,003/003554/003554031/dv/kplr003554031-003-20160209194854_dvs.pdf,4362.0,4.722,-0.5,0.554,0.59,,q1_q17_dr25_stellar,293.80441,38.63913,15.842,16.893,15.784,15.391,15.148,14.091,13.434,13.378,0.005,19.586971,38.63796,0.41,-4.22,0.0001,0.00066,0.2,-0.96,0.98,0.66,-3.65,3.71
10743597,K00989.03,,CANDIDATE,Done,2018-08-16,CANDIDATE,,0,0,0,0,q1_q17_dr25_sup_koi,,16.15811112,143.00233,2454976.002,0.0,,1.8572,6.049,,2319.8,0.902495,0.04658,MCMC,86.13,0.1233,77.35,660.0,44.83,8.63,Claret (2011 A&A 529 75) ATLAS LS,0.0,0.0,0.2466,0.43,q1_q17_dr24_koi,28.548334,45.10528,52.8,4,67.0,1.0,q1_q17_dr24_tce,11111101110111011000000000000000,,Mandel and Agol (2002 ApJ 580 171),,,010/010743/010743597/dv/kplr010743597-20141002224145_dvr.pdf,010/010743/010743597/dv/kplr010743597-001-20141002224145_dvs.pdf,5619.0,4.536,0.02,0.874,0.956,,stellar_q1_q16,296.38229,48.045311,15.488,16.084,15.416,15.233,15.129,14.11,13.804,13.859,0.116,19.7588182,48.045233,-0.01,-0.28,-0.00038,-0.00048,1.69,-2.67,3.16,1.54,-2.81,3.2
3644071,K01192.01,,CANDIDATE,Done,2018-08-16,CANDIDATE,,0,0,0,0,q1_q17_dr25_sup_koi,,1295.362215,176.10646,2455009.106,0.0,,1.3935,28.297,,8708.0,0.505204,0.08885,MCMC,57.82,2.2372,89.38,169.0,0.19,199.0,Claret (2011 A&A 529 75) ATLAS LS,0.0,0.0,0.249,0.4256,q1_q16_koi,,,164.0,2,,,,,,Mandel and Agol (2002 ApJ 580 171),,,,,5609.0,4.346,-0.04,1.048,0.889,,stellar_q1_q16,291.03217,38.703911,14.215,14.789,14.159,13.969,13.879,12.918,12.546,12.472,,,,,,,,,,,,,
1431122,K00994.01,,CANDIDATE,Done,2018-08-16,CANDIDATE,0.99,0,0,0,0,q1_q17_dr25_sup_koi,CENT_KIC_POS,4.2989201,132.86187,2454965.862,0.0,,0.972,2.747,,237.6,0.019694,0.05666,LS+MCMC,2.12,0.0492,75.22,1046.0,283.62,3.81,Claret (2011 A&A 529 75) ATLAS LS,0.0,0.0,0.186,0.5256,q1_q17_dr25_koi,3.9862328,15.994445,20.0,1,314.0,1.0,q1_q17_dr25_tce,11111111111111111000000000000000,0.102,Mandel and Agol (2002 ApJ 580 171),,,001/001431/001431122/dv/kplr001431122-20160209194854_dvr.pdf,001/001431/001431122/dv/kplr001431122-001-20160209194854_dvs.pdf,5300.0,4.385,0.18,0.986,0.861,,q1_q17_dr25_stellar,291.14249,37.061321,14.613,15.224,14.534,14.352,14.287,13.284,12.909,12.835,0.0,19.4094849,37.06078,-0.62,-1.94,-0.000201,-0.00045,3.29,9.17,9.74,-0.68,0.09,0.69
8260218,K01066.01,,CANDIDATE,Done,2018-08-16,CANDIDATE,1.0,0,0,0,0,q1_q17_dr25_sup_koi,CENT_KIC_POS,5.714817603,355.00831,2455188.008,0.0,,0.096,3.14126,,12295.0,0.101045,2.05742,LS+MCMC,9.29,0.0597,89.64,943.0,187.27,15.258,Claret (2011 A&A 529 75) ATLAS LS,0.0,0.0,0.2787,0.3728,q1_q17_dr25_koi,56.74603,529.8256,537.7,1,200.0,1.0,q1_q17_dr25_tce,00011111111111111000000000000000,0.5628,Mandel and Agol (2002 ApJ 580 171),,,008/008260/008260218/dv/kplr008260218-20160209194854_dvr.pdf,008/008260/008260218/dv/kplr008260218-001-20160209194854_dvs.pdf,5695.0,4.526,-0.28,0.842,0.869,,q1_q17_dr25_stellar,299.78632,44.16954,15.623,16.237,15.596,15.36,15.256,14.295,13.888,13.856,0.0,19.98576669,44.1697,0.441,0.576,0.00954,0.0107,-2.48,-1.94,3.15,-0.054,0.058,0.079
6359320,K01127.03,,CANDIDATE,Done,2018-08-16,CANDIDATE,1.0,0,0,0,0,q1_q17_dr25_sup_koi,CENT_FEW_DIFFS,2.83668931,353.81531,2455186.815,0.0,,0.33,3.031,,166.1,0.011852,0.762,LS+MCMC,1.19,0.0395,87.25,1242.0,562.48,6.87,Claret (2011 A&A 529 75) ATLAS LS,0.0,0.0,0.2622,0.4035,q1_q17_dr25_koi,3.1456695,8.954725,12.1,3,355.0,3.0,q1_q17_dr25_tce,00011111111111111000000000000000,0.5422,Mandel and Agol (2002 ApJ 580 171),,,006/006359/006359320/dv/kplr006359320-20160209194854_dvr.pdf,006/006359/006359320/dv/kplr006359320-003-20160209194854_dvs.pdf,5831.0,4.517,0.0,0.921,1.016,,q1_q17_dr25_stellar,290.21518,41.77597,15.808,16.324,15.706,15.587,15.481,14.438,14.14,13.961,0.055,19.347603,41.77566,-3.0,-1.1,0.00031,0.00016,-0.74,0.2,0.77,-0.83,0.22,0.85
3447722,K01198.04,,CANDIDATE,Done,2018-08-16,CANDIDATE,,0,0,0,0,q1_q17_dr25_sup_koi,,1.00861677,132.109479,2454965.109,,,,0.91,,,,,none,,,,,,,,,,,,q1_q16_koi,,,,4,,,,,,,,,,,,,,,,,,292.47971,38.514919,15.319,15.679,15.231,15.165,15.138,14.277,14.027,13.957,,,,,,,,,,,,,
12105051,K00141.01,,CANDIDATE,Done,2018-08-16,CANDIDATE,1.0,0,0,0,0,q1_q17_dr25_sup_koi,NO_COMMENT,2.624234833,132.304988,2454965.305,0.0,,0.781,1.3874,,2607.0,0.052044,2.93173,LS+MCMC,5.11,0.0368,85.62,1164.0,434.31,10.22,Claret (2011 A&A 529 75) ATLAS LS,0.0,0.0,0.1828,0.5324,q1_q17_dr25_koi,18.873169,249.06653,361.1,1,508.0,1.0,q1_q17_dr25_tce,11111111111111111000000000000000,0.5493,Mandel and Agol (2002 ApJ 580 171),,,012/012105/012105051/dv/kplr012105051-20160209194854_dvr.pdf,012/012105/012105051/dv/kplr012105051-001-20160209194854_dvs.pdf,5340.0,4.514,0.36,0.899,0.963,,q1_q17_dr25_stellar,288.0383,50.651611,13.687,14.261,13.618,13.441,13.384,12.489,12.052,11.986,0.001,19.2025446,50.651584,-0.299,-0.095,0.00015,0.00017,-0.029,-0.285,0.287,-0.285,-0.374,0.47
8240904,K01070.03,,CANDIDATE,Done,2018-08-16,CANDIDATE,,0,0,0,0,q1_q17_dr25_sup_koi,,92.77779,367.6112,2455200.611,0.0,,0.0174,6.64,,359.0,0.017215,2.81316,MCMC,1.92,0.4083,89.95,410.0,6.7,108.6,Claret (2011 A&A 529 75) ATLAS LS,0.0,0.0,0.275,0.3869,q1_q16_koi,,,5.2,3,,,,,,Mandel and Agol (2002 ApJ 580 171),,,,,5888.0,4.444,0.1,1.019,1.053,,stellar_q1_q16,294.48438,44.166908,15.59,16.153,15.533,15.348,15.269,14.3,13.907,13.811,,,,,,,,,,,,,
3756801,K01206.01,,CANDIDATE,Done,2018-08-16,CANDIDATE,,0,0,0,0,q1_q17_dr25_sup_koi,,422.917678,448.49648,2455281.496,0.0,,0.7887,31.274,,1367.7,0.037343,0.03569,MCMC,5.89,1.1043,89.38,292.0,1.73,69.6,Claret (2011 A&A 529 75) ATLAS LS,0.0,0.0,0.2711,0.3864,q1_q16_koi,,,61.7,1,,,,,,Mandel and Agol (2002 ApJ 580 171),,,,,5796.0,4.12,-0.02,1.444,1.004,,stellar_q1_q16,293.95459,38.899971,13.642,14.188,13.6,13.408,13.341,12.439,12.1,12.052,,,,,,,,,,,,,
8313667,K01145.01,,CANDIDATE,Done,2018-08-16,CANDIDATE,0.996,0,0,0,0,q1_q17_dr25_sup_koi,NO_COMMENT,30.5872153,162.8842,2454995.884,0.0,,0.013,5.3698,,464.8,0.01965,1.76632,LS+MCMC,2.32,0.1931,89.98,621.0,35.08,44.37,Claret (2011 A&A 529 75) ATLAS LS,0.0,0.0,0.2868,0.3588,q1_q17_dr25_koi,6.565337,22.413473,33.1,1,44.0,1.0,q1_q17_dr25_tce,11111111111111111000000000000000,0.9888,Mandel and Agol (2002 ApJ 580 171),,,008/008313/008313667/dv/kplr008313667-20160209194854_dvr.pdf,008/008313/008313667/dv/kplr008313667-001-20160209194854_dvs.pdf,5944.0,4.38,0.0,1.082,1.024,,q1_q17_dr25_stellar,296.54861,44.264671,14.143,14.581,14.09,13.956,13.89,13.028,12.723,12.685,0.036,19.769922,44.26456,0.52,-0.4,-0.00022,0.00018,-0.26,-0.07,0.27,-0.24,-0.19,0.31
10149023,K01081.01,,CANDIDATE,Done,2018-08-16,CANDIDATE,0.0,0,0,0,0,q1_q17_dr25_sup_koi,DEEP_V_SHAPED,9.95639775,134.29186,2454967.292,0.0,,1.222,5.615,,510.5,0.244849,0.00774,LS+MCMC,28.15,0.095,69.16,905.0,158.42,3.44,Claret (2011 A&A 529 75) ATLAS LS,0.0,0.0,0.3024,0.3288,q1_q17_dr25_koi,5.694448,28.363348,32.9,1,139.0,1.0,q1_q17_dr25_tce,11111111111111111000000000000000,0.8136,Mandel and Agol (2002 ApJ 580 171),,,010/010149/010149023/dv/kplr010149023-20160209194854_dvr.pdf,010/010149/010149023/dv/kplr010149023-001-20160209194854_dvs.pdf,6161.0,4.454,0.07,1.053,1.15,,q1_q17_dr25_stellar,294.76855,47.13279,15.22,15.65,15.15,15.035,14.95,14.08,13.802,13.725,0.477,19.651225,47.13308,-0.41,1.06,9e-05,-0.00014,0.21,-0.13,0.24,0.15,-0.16,0.22
9772531,K00950.01,,CANDIDATE,Done,2018-08-16,CANDIDATE,0.993,0,0,0,0,q1_q17_dr25_sup_koi,CENT_KIC_POS,31.201692472,183.4076137,2455016.408,0.0,,0.001,2.15663,,34514.0,0.169571,41.97515,LS+MCMC,8.31,0.1498,90.0,286.0,1.59,129.27,Claret (2011 A&A 529 75) ATLAS LS,0.0,0.0,0.4418,0.2405,q1_q17_dr25_koi,130.21426,595.1253,607.4,1,44.0,1.0,q1_q17_dr25_tce,11111111111111111000000000000000,0.0441,Mandel and Agol (2002 ApJ 580 171),,,009/009772/009772531/dv/kplr009772531-20160209194854_dvr.pdf,009/009772/009772531/dv/kplr009772531-001-20160209194854_dvs.pdf,3748.0,4.796,-0.3,0.449,0.461,,q1_q17_dr25_stellar,292.65704,46.537338,15.798,17.249,15.856,15.176,14.823,13.584,12.953,12.753,0.535,19.5104665,46.5374253,-0.104,0.307,0.0006,0.0005,0.005,-0.002,0.005,0.032,0.415,0.416
10295951,K01154.01,,CANDIDATE,Done,2018-08-16,CANDIDATE,0.871,0,0,0,0,q1_q17_dr25_sup_koi,MOD_SEC_DV---MOD_SEC_ALT---PLANET_OCCULT_ALT---HAS_SEC_TCE,6.810823723,136.04667,2454969.047,0.0,,0.57,7.98574,,14447.0,0.114797,0.10154,LS+MCMC,26.06,0.0798,84.8,1626.0,1656.16,6.291,Claret (2011 A&A 529 75) ATLAS LS,0.0,0.0,0.3287,0.2412,q1_q17_dr25_koi,384.02817,2688.337,1441.9,1,160.0,1.0,q1_q17_dr25_tce,11111101110111011000000000000000,0.31,Mandel and Agol (2002 ApJ 580 171),,,010/010295/010295951/dv/kplr010295951-20160209194854_dvr.pdf,010/010295/010295951/dv/kplr010295951-001-20160209194854_dvs.pdf,7226.0,3.967,-0.4,2.079,1.461,,q1_q17_dr25_stellar,299.10281,47.377781,12.628,12.796,12.572,12.541,12.542,11.768,11.61,11.548,0.0,19.940189437,47.37779511,0.0525,0.0544,0.00038,0.0002,-0.006,-0.005,0.008,-0.01,-0.001,0.011
3329204,K01095.01,,CANDIDATE,Done,2018-08-16,CANDIDATE,0.997,0,0,0,0,q1_q17_dr25_sup_koi,NO_COMMENT,51.59809554,203.979914,2455036.98,0.0,,0.251,2.0153,,5869.2,0.070071,59.82806,LS+MCMC,6.57,0.2675,89.93,449.0,9.61,203.4,Claret (2011 A&A 529 75) ATLAS LS,0.0,0.0,0.2676,0.3928,q1_q17_dr25_koi,22.123877,81.96965,79.7,1,25.0,1.0,q1_q17_dr25_tce,01111111111111111000000000000000,0.8655,Mandel and Agol (2002 ApJ 580 171),,,003/003329/003329204/dv/kplr003329204-20160209194854_dvr.pdf,003/003329/003329204/dv/kplr003329204-001-20160209194854_dvs.pdf,5681.0,4.551,-0.06,0.859,0.957,,q1_q17_dr25_stellar,287.61688,38.402321,15.617,16.184,15.554,15.374,15.262,14.338,13.865,13.914,0.0,19.1744483,38.402282,-0.41,-0.14,0.0058,0.0004,-0.146,-0.096,0.175,0.039,-0.155,0.159
3230491,K01096.01,,CANDIDATE,Done,2018-08-16,CANDIDATE,,0,0,0,0,q1_q17_dr25_sup_koi,,1500.0,315.33083,2455148.331,0.0,,0.9243,7.109,,9592.0,0.118113,8.77051,MCMC,9.8,2.4144,89.95,139.0,0.09,1014.0,Claret (2011 A&A 529 75) ATLAS LS,0.0,0.0,0.2747,0.3829,q1_q16_koi,,,62.5,1,,,,,,Mandel and Agol (2002 ApJ 580 171),,,,,5606.0,4.597,-0.4,0.76,0.832,,stellar_q1_q16,290.18304,38.321941,14.709,15.241,14.656,14.481,14.391,13.425,13.041,12.971,,,,,,,,,,,,,
2162635,K01032.01,,CANDIDATE,Done,2018-08-16,CANDIDATE,,0,0,0,0,q1_q17_dr25_sup_koi,,1500.1406772,176.08226,2455009.082,0.0,,0.9131,25.727,,4129.9,0.07359,0.13376,MCMC,18.35,2.634,89.95,206.0,0.42,251.5,Claret (2011 A&A 529 75) ATLAS LS,0.0,0.0,0.1605,0.5624,q1_q16_koi,,,83.3,1,,,,,,Mandel and Agol (2002 ApJ 580 171),,,,,5009.0,3.755,0.07,2.283,1.083,,stellar_q1_q16,291.97754,37.532551,13.862,14.715,13.817,13.497,13.296,12.204,11.681,11.582,,,,,,,,,,,,,
